NP,CLAVE,NOMBRE
1,2000000000,COMPONENTE BÁSICO INICIAL
2,2012000001,CAPACITACIÓN DOCENTE EN LA ENSEÑANZA
3,2012000002,"COMPONENTE BÁSICO,"
4,2012000003,IDENTIFICAR Y TRADUCIR TEXTOS.
5,2012000004,COMPONENTE BÁSICO INICIAL MIXTO
6,2012100001,ASISTENTE EDUCATIVO
7,2012100002,AUXILIAR EDUCADORA
8,2012100003,EDUCACIÓN PREESCOLAR
9,2012100004,EDUCADORA TÉCNICA EN PREESCOLAR
10,2012601001,TAE KWON DO E INSTRUCTOR
11,2012602001,EDUCACIÓN ARTÍSTICA
12,2012602002,EDUCACIÓN MUSICAL
13,2012602003,INSTRUCTOR EN DANZA CLÁSICA
14,2012602004,INSTRUCTORÍA EN ARTES PLÁSTICAS
15,2012602005,INSTRUCTORÍA EN MÚSICA
16,2012602006,PROFESOR EN DANZA
17,2012602007,INSTRUCTOR DE ACTIVIDADES ARTÍSTICAS
18,2012602008,MAESTRO EN COMPOSICIÓN
19,2012602009,PROFESOR DE CANTO
20,2012602010,PROFESOR DE GUITARRA
21,2012602011,"PROFESOR DE INSTRUMENTOS (FLAUTA, OBOE, CLARINTE, SAXOFÓN, CORNETE FRANCÉS, TROMPETA, TROMBÓN, TUBA, PERCUSIÓN, VIOLÍN, VIOLA, VIOLONCHELO Y CONTRABAJO)"
22,2012602012,PROFESOR DE MÚSICA ESCOLAR
23,2012602013,PROFESOR DE PIANO
24,2012602014,TÉCNICO EN EDUCACIÓN ARTÍSTICA CON LA OPCIÓN DE DANZA
25,2012602015,TÉCNICO EN EDUCACIÓN ARTÍSTICA CON OPCIÓN EN DANZA
26,2012603001,INSTRUCTOR EN LA ENSEÑANZA DE LA LENGUA INGLESA
27,2012603002,ENSEÑANZA DEL IDIOMA INGLES
28,2012603003,INGLES COMUNICATIVO INTERMEDIO
29,2012604001,TÉCNICO PROFESIONAL EN PUERICULTURA
30,2012701001,DESARROLLO INFANTIL
31,2012701002,EDUCACIÓN INFANTIL
32,2012701003,PUERICULTURA
33,2012701004,ATENCIÓN INFANTIL
34,2012701005,ASISTENTE INFANTIL
35,2021000001,"DIRECCIÓN, PRODUCCIÓN Y GESTIÓN DE ARTES, MÚSICA Y MULTIMEDIA"
36,2021000002,TÉCNICO EN DISEÑO GRÁFICO INTERACTIVO  
37,2021000003,TÉCNICO EN CONFECCIÓN Y DISEÑO DE MODAS
38,2021000004,TECNICO EN DIBUJO Y PINTURA   
39,2021000005,TÉCNICO PROFESIONAL EN ARTES Y HUMANIDADES
40,2021100001,APLICACIÓN DE LAS ARTES
41,2021100002,ARTES PLÁSTICAS
42,2021100003,DIBUJO DE CARICATURAS HUMORÍSTICAS
43,2021100004,DIBUJO Y PINTURA
44,2021100005,DIBUJO HUMORÍSTICO Y ANIMACIÓN
45,2021100006,TÉCNICO PROFESIONAL EN MUSEOGRAFÍA
46,2021200001,BAILARÍN INTÉRPRETE
47,2021200002,DANZA
48,2021200003,DANZA FOLCLÓRICA MEXICANA
49,2021200004,DANZA FOLKLÓRICA
50,2021200005,DANZA TRADICIONAL MEXICANA
51,2021200006,EJECUTANTE EN DANZA CLÁSICA
52,2021200007,INTÉRPRETE DE DANZA DE CONCIERTO
53,2021200008,TEATRO
54,2021200009,DIRECCIÓN DE ARTE
55,2021200010,ARTE TEATRAL
56,2021200011,ARTES ESCENICAS
57,2021200012,ACTUACIÓN
58,2021200013,TÉCNICO PROFESIONAL EN DANZA REGIONAL MEXICANA
59,2021200014,PROFESIONAL TÉCNICO EN DANZA CLÁSICA
60,2021200015,PROFESIONAL TECNICO EN DANZA CLASICA
61,2021200016,TÉCNICO EJECUTANTE DE DANZA CLÁSICA BALLET
62,2021200017,TÉCNICO EJECUTANTE DE DANZA CLÁSICA BALLET
63,2021200018,TÉCNICO EN BALLET CLÁSICO 
64,2021200019,TÉCNICO PROFESIONAL EN DANZA 
65,2021200020,TÉCNICO PROFESIONAL EN DANZA FOLCLÓRICA
66,2021300001,"ALIENTOS: CLARINETE, CORNO Y OBOE"
67,2021300002,ARPA
68,2021300003,BAJO ELÉCTRICO
69,2021300004,BATERÍA
70,2021300005,CANTANTE CORAL
71,2021300006,CANTO
72,2021300007,CLARINETE
73,2021300008,CLAVECÍN
74,2021300009,COMPOSICIÓN
75,2021300010,CONTRABAJO
76,2021300011,CORNO FRANCÉS
77,2021300012,EJECUTANTE
78,2021300013,EJECUTANTE DE FAGOT
79,2021300014,EJECUTANTE DE FLAUTA
80,2021300015,EJECUTANTE DE GUITARRA
81,2021300016,EJECUTANTE DE MÚSICA
82,2021300017,EJECUTANTE DE PERCUSIONES
83,2021300018,EJECUTANTE DE PIANO
84,2021300019,EJECUTANTE DE SAXOFÓN
85,2021300020,EJECUTANTE DE VIOLÍN
86,2021300021,FAGOT
87,2021300022,FLAUTA TRANSVERSA
88,2021300023,GUITARRA
89,2021300024,GUITARRA CLÁSICA
90,2021300025,GUITARRA ELÉCTRICA
91,2021300026,GUITARRA POPULAR
92,2021300027,INSTRUMENTISTA
93,2021300028,INSTRUMENTISTA EN JAZZ
94,2021300029,TÉCNICO INSTRUMENTISTA MUSICAL
95,2021300030,LAUDERÍA
96,2021300031,"MADERAS: CONTRABAJO, VIOLA Y CELLO"
97,2021300032,"METALES: TROMPETA, TROMBÓN Y TUBA"
98,2021300033,MÚSICA
99,2021300034,MÚSICA ESPECIALIDAD EN CANTO
100,2021300035,MÚSICA ESPECIALIDAD EN CELLO
101,2021300036,MÚSICA ESPECIALIDAD EN CONTRABAJO
102,2021300037,MÚSICA ESPECIALIDAD EN FLAUTA
103,2021300038,MÚSICA ESPECIALIDAD EN GUITARRA
104,2021300039,MÚSICA ESPECIALIDAD EN PIANO
105,2021300040,MÚSICA ESPECIALIDAD EN SAXOFÓN
106,2021300041,MÚSICA ESPECIALIDAD EN TECLADO
107,2021300042,MÚSICA ESPECIALIDAD EN VIOLÍN
108,2021300043,MÚSICA POPULAR
109,2021300044,OBOE
110,2021300045,ÓRGANO
111,2021300046,PERCUSIONES
112,2021300047,PIANO
113,2021300048,SAXOFÓN
114,2021300049,TROMBÓN
115,2021300050,TROMPETA
116,2021300051,TUBA
117,2021300052,VIOLA
118,2021300053,VIOLÍN
119,2021300054,VIOLONCHELO
120,2021300055,ARTES CON ESPECIALIDAD EN MÚSICA
121,2021300056,TÉCNICO PROFESIONAL EN MÚSICA
122,2021300057,TÉCNICO PROFESIONAL OPERADOR DE AUDIO
123,2021300058,SOLFEO Y CONCEPTOS TEÓRICOS
124,2021300059,TÉCNICO EN PRODUCCIÓN MUSICAL
125,2021300060,TÉCNICO EN MÚSICA  
126,2021300061,TÉCNICO PROFESIONAL EN PRODUCCIÓN MUSICAL  
127,2021300062,TÉCNICO EJECUTANTE DE CLAVECÍN
128,2021300063,TÉCNICO EJECUTANTE DE CONTRABAJO
129,2021300064,TÉCNICO EJECUTANTE DE TROMPETA
130,2021300065,TÉCNICO EJECUTANTE DE TROMBÓN
131,2021300066,TÉCNICO EJECUTANTE DE TUBA
132,2021300067,TÉCNICO EJECUTANTE DE CORNO 
133,2021300068,TÉCNICO EJECUTANTE DE OBOE 
134,2021300069,TÉCNICO EJECUTANTE DE VIOLONCELLO
135,2021300070,TÉCNICO EJECUTANTE DE CLARINETE
136,2021300071,TÉCNICO EJECUTANTE DE VIOLA
137,2021300072,TÉCNICO EJECUTANTE DE VIOLÍN
138,2021300073,TÉCNICO EJECUTANTE DE SAXSOFÓN
139,2021300074,TÉCNICO EJECUTANTE DE PIANO
140,2021300075,TÉCNICO EJECUTANTE DE PERCUSIONES
141,2021300076,TÉCNICO EJECUTANTE DE GUITARRA
142,2021300077,TÉCNICO EJECUTANTE DE FLAUTA
143,2021300078,TÉCNICO CANTANTE CORAL
144,2021400001,AUDIO Y PRODUCCIÓN
145,2021400002,FOTOGRAFÍA
146,2021400003,DIBUJO ASISTIDO POR COMPUTADORA 3D
147,2021400004,TÉCNICO EN DESAROLLO DE PROYECTOS EN 3D
148,2021400005,TÉCNICO PROFESIONAL EN AUDIO Y PRODUCCIÓN MUSICAL
149,2021400006,CAMÁROGRAFO DOCUMENTALISTA
150,2021500001,DISEÑO GRÁFICO
151,2021500002,DISEÑO GRÁFICO DIGITAL Y ANIMACIÓN
152,2021500003,DISEÑO GRÁFICO PUBLICITARIO
153,2021500004,DISEÑO GRÁFICO CON ACENTUACIÓN EN DESARROLLO DE PÁGINAS WEB
154,2021500005,TECNICO EN DISEÑO GRAFICO
155,2021500006,TÉCNICO PROFESIONAL EN PUBLICIDAD GRÁFICA
156,2021500007,TÉCNICO EN DISEÑO GRÁFICO CON OPCIÓN TERMINAL   
157,2021500008,TALLER DE PUBLICIDAD GRÁFICA 
158,2021500009,DISEÑO GRAFICO DIGITAL  
159,2021500010,TÉCNICO EN DISEÑO Y DESARROLLO WEB
160,2021600001,CORTE Y CONFECCIÓN
161,2021600002,CORTE Y CONFECCIÓN DE ROPA
162,2021600003,CORTE Y CONFECCIÓN Y ALTA COSTURA
163,2021600004,DISEÑO DE MODA INTERNACIONAL Y MERCADOTECNIA
164,2021600005,DISEÑO DE MODA Y ALTA COSTURA
165,2021600006,DISEÑO DE MODAS
166,2021600007,DISEÑO DECORATIVO
167,2021600008,DISEÑO Y DECORACIÓN DE INTERIORES
168,2021600009,DISEÑO Y MERCADOTECNIA EN MODAS
169,2021600010,MODAS
170,2021600011,SASTRERÍA
171,2021600012,DISEÑO DE INTERIORES
172,2021600013,MODISTA
173,2021600014,DECORACIÓN DE INTERIORES
174,2021600015,DISEÑO DE MODAS COMPUTARIZADO
175,2021600016,DISEÑO
176,2021600017,MODELADO SOBRE MANIQUÍ
177,2021600018,CARRERA TÉCNICA DE CNFECCIÓN Y DISEÑO DE MODAS
178,2021600019,"TÉCNICA DE CORTE, CONFECCIÓN Y ALTA COSTURA"
179,2021600020,TÉCNICO EN DISEÑO INDUSTRIAL  
180,2021600021,DISEÑO Y MODAS
181,2021600022,TÉCNICO PROFESIONAL EN DISEÑO DE MODAS
182,2021700001,ARTESANAL EN CERÁMICA
183,2021700002,ARTESANAL EN EBANISTERÍA
184,2021700003,ARTESANAL EN ESMALTES
185,2021700004,ARTESANAL EN ESTAMPADO
186,2021700005,ARTESANAL EN METALES
187,2021700006,ARTESANAL EN TEXTILES
188,2021700007,ARTESANAL EN VITRALES
189,2021700008,CERÁMICA
190,2021700009,ARTESANAL EN JOYERÍA Y ORFEBRERÍA
191,2021700011,LAMINADO Y PINTURA
192,2021700012,JOYERÍA Y ORFEBRERÍA
193,2022000001,EJECUTIVO BILINGÜE EN ATENCIÓN A CLIENTES  
194,2022100001,TÉCNICO EN ADMINISTRACIÓN ECLESIÁSTICA Y TEOLOGÍA
195,2022100002,TÉCNICO PROFESIONAL EN TEOLOGÍA
196,2022200001,ESPAÑOL COMO SEGUNDA LENGUA
197,2022200002,ESPAÑOL PARA EXTRANJEROS
198,2022200003,FRANCÉS
199,2022200004,IDIOMAS
200,2022200005,INGLÉS
201,2022200006,INTÉRPRETE-TRADUCTOR
202,2022200007,ITALIANO
203,2022200008,JAPONÉS
204,2022200009,POSESIÓN DEL IDIOMA
205,2022200010,TÉCNICO PROFESIONAL EN INGLÉS EMPRESARIAL
206,2022200011,TECNICO PROFESIONAL EN COMUNICACIÓN EN LENGUAS INGLESAS
207,2022200012,CONOCER LA FONÉTICA Y FONOLOGÍA DEL INGLES
208,2022200013,CONOCER LOS PRINCIPIOS BÁSICOS DE LA TRADUCCIÓN
209,2022200014,APLICAR REGLAS GRAMATICALES Y FONOLOGÍAS
210,2022200016,EJECUTIVO BILINGÜE
211,2022200017,TÉCNICO EN INGLÉS 
212,2022200018,TÉCNICO PROFESIONAL EN INGLÉS
213,2022300001,LITERATURA MEXICANA Y ESPAÑOLA
214,2031500001,GERONTOLOGÍA
215,2031500002,TRABAJO SOCIAL
216,2031500003,TÉCNICO EN TRABAJO SOCIAL   
217,2031500004,TÉCNICO AUXILIAR EN ATENCIÓN A LAS ADICCIONES
218,2032100001,COMUNICACIÓN
219,2032100002,TÉCNICO PROFESIONAL EN LOCUCIÓN
220,2041000001,TÉCNICO EN COMPUTACIÓN ADMINISTRATIVA Y CONTABLE
221,2041000002,AUXILIAR CONTABLE
222,2041000003,PROFESIONAL TÉCNICO BÍG DATA E INTELIGENCIA DE NEGOCIOS  
223,2041000004,TÉCNICO EN CONTABILIDAD Y SISTEMAS   
224,2041000005,TÉCNICO EN CONTABILIDAD Y ADMINISTRACIÓN  
225,2041000006,TÉCNICO CONTABLE Y ADMINISTRATIVO  
226,2041100001,COMERCIO EXTERIOR
227,2041100002,COMERCIO Y COMPUTACIÓN
228,2041100003,FISCAL ADUANAL EN COMERCIO EXTERIOR
229,2041100004,LOGÍSTICA
230,2041100005,TRAMITACIÓN ADUANAL
231,2041100006,CURSO DE ESTUDIOS DEL CAFÉ CON ESPECIALIDAD EN AGRONEGOCIOS
232,2041100007,TÉCNICO EN VENTAS 
233,2041200001,DISEÑO DE IMAGEN
234,2041200002,DISEÑO Y PROYECCIÓN DE IMAGEN
235,2041200003,PUBLICIDAD
236,2041200004,PUBLICISTA GRAFICO
237,2041200005,RELACIONES PÚBLICAS
238,2041200006,ASISTENTE EN MERCADOTECNIA Y VENTAS
239,2041200007,ESTRUCTURA TÉCNICA Y MERCADOLÓGICA
240,2041200008,OPERACIÓN Y SERVICIO DE PISO
241,2041200009,TÉCNICO EN PUBLICIDAD Y MARKETING
242,2041300001,TÉCNICO SUPERIOR EN ADMINISTRACIÓN BANCARIA  
243,2041300002,TÉCNICO SUPERIOR EN VENTAS 
244,2041300003,TÉCNICO EN VENTAS CON OPCIÓN TERMINAL   
245,2041300004,TÉCNICO EN ADMINISTRACIÓN FINANCIERA
246,2041400001,ADMINISTRACIÓN Y CONTADURÍA
247,2041400002,ASISTENTE ADMINISTRATIVO CONTABLE
248,2041400003,ASISTENTE ADMINISTRATIVO Y CONTABLE
249,2041400004,COMPUTACIÓN ADMINISTRATIVA Y CONTABLE
250,2041400005,CONTABILIDAD
251,2041400006,CONTABILIDAD ADMINISTRATIVA
252,2041400007,CONTABILIDAD FISCAL CONTABLE
253,2041400008,CONTABILIDAD Y ADMINISTRACIÓN
254,2041400009,CONTABILIDAD Y AUDITORÍA
255,2041400010,CONTABLE Y ADMINISTRATIVO EN INFORMÁTICA
256,2041400011,CONTADOR AUXILIAR EN FINANZAS
257,2041400012,CONTADOR AUXILIAR EN INFORMÁTICA
258,2041400013,CONTADOR FISCAL EN INFORMÁTICA
259,2041400014,CONTADOR PRIVADO
260,2041400015,CONTADOR TÉCNICO
261,2041400016,CONTADOR TÉCNICO CON COMPUTACIÓN
262,2041400017,CONTADOR TÉCNICO FISCAL
263,2041400018,CONTADURÍA
264,2041400019,INFORMÁTICA CONTABLE
265,2041400020,TÉCNICO EN SISTEMAS Y ADMINISTRACIÓN CONTABLE
266,2041400021,TECNICO EN CONTABILIDAD CON ACENTUACION EN INGLES
267,2041400022,TÉCNICO EJECUTIVO CONTABLE   
268,2042000001,ADMINISTRACIÓN
269,2042000002,ORGANIZACION DE EVENTOS DE NEGOCIOS SOCIALES Y CULTURALES
270,2042000003,TÉCNICO DE ADMINISTRACIÓN DE LAS TECNOLOGÍAS DE LA INFORMACIÓN  
271,2042000004,TÉCNICO EN ADMINISTRACIÓN TURÍSTICA  
272,2042000005,ASISTENTE ADMINISTRATIVO Y SECRETARIAL 
273,2042000006,TÉCNICO PROFESIONAL EN CIENCIAS ADMINISTRATIVAS
274,2042100001,ADMINISTRACIÓN DE EMPRESAS
275,2042100002,ADMINISTRACIÓN DE SERVICIOS
276,2042100003,DESARROLLO EMPRESARIAL
277,2042100004,SUPERVISIÓN DE EMPRESAS
278,2042100005,TÉCNICO PROFESIONAL EN ADMINISTRACIÓN DE RECURSOS HUMANOS
279,2042100006,TÉCNICO PROFESIONAL EN DESARROLLO ORGANIZACIONAL
280,2042100007,FORMACIÓN EMPRESARIAL I
281,2042100008,FORMACIÓN EMPRESARIAL II
282,2042100009,TÉCNICO EN ADMINISTRACIÓN DE RECURSOS HUMANOS TECNOLÓGICOS
283,2042100010,IMPLEMENTACION DE PROYECTOS
284,2042100011,"MANEJO DE RECURSOS, REGISTRO Y COBRO DE MERCANCÍAS"
285,2042100012,ADMINISTRACIÓN Y CONTABILIDAD
286,2042100013,CARRERA TÉCNICA EN ASISTENTE GENERENCIAL
287,2042100014,TÉCNICO EN ADMINISTRACIÓN EMPRESARIAL 
288,2042200001,ADMINISTRACIÓN DE EMPRESAS TURÍSTICAS
289,2042200002,ADMINISTRACIÓN GASTRONÓMICA
290,2042200003,ADMINISTRACIÓN TURÍSTICA Y HOTELERA
291,2042200004,ADMINISTRACIÓN DE SERVICIOS ALIMENTARIOS
292,2042200005,GASTRONOMÍA CON ADMINISTRACIÓN
293,2042200006,SERVICIOS DE HOSPEDAJE
294,2042300001,TÉCNICO EN COMMUNITY MANAGEMENT
295,2042500001,ADMINISTRACIÓN DE LOS SERVICIOS DE SALUD EN ENFERMERÍA
296,2042500002,EMPRENDIMIENTO AGROPECUARIO
297,2042500003,CURSO POST BASICO DE ADMINISTRACION Y DOCENCIA DE LOS SERVICIOS DE ENFERMERIA
298,2042500004,ADMINISTRACIÓN DE LOS SERVICIOS DE ENFERMERÍA
299,2051200001,BIOTECNOLOGÍA
300,2052300001,AEROLOGISTA
301,2061000001,TÉCNICO SUPERIOR EN COMUNICACIÓN   
302,2061300001,ANALISTA EN SISTEMAS COMPUTACIONALES
303,2061300002,ANALISTA PROGRAMADOR
304,2061300003,ANALISTA PROGRAMADOR BILINGÜE
305,2061300004,ANALISTA PROGRAMADOR EN SISTEMAS
306,2061300005,APLICACIONES COMPUTACIONALES
307,2061300006,DESARROLLO DE SISTEMAS
308,2061300007,DISEÑADOR EN SISTEMAS COMPUTACIONALES
309,2061300008,DISEÑADOR WEB
310,2061300009,PROGRAMADOR ANALISTA
311,2061300010,PROGRAMADOR ANALISTA DE SISTEMAS
312,2061300011,PROGRAMADOR EN SISTEMAS
313,2061300012,SISTEMAS COMPUTACIONALES
314,2061300013,SISTEMAS DE INFORMACIÓN
315,2061300014,PROGRAMADOR ANALISTA EN SISTEMAS
316,2061300015,APLICACIONES DE CÓMPUTO
317,2061300016,ELABORACIÓN DE HOJAS DE CALCULO
318,2061300017,TECNICO PROGRAMADOR EN SISTEMAS
319,2062000001,COMPUTACIÓN
320,2062000002,CAPTURISTA
321,2062000003,TECNOLOGÍAS DE LA INFORMACIÓN
322,2062000004,TÉCNICO EN SOPORTE Y REPARACIÓN DE SISTEMAS DE CÓMPUTO 
323,2062100001,ELECTRÓNICA Y COMUNICACIONES
324,2062100002,SISTEMAS Y REDES
325,2062100003,TELECOMUNICACIONES
326,2062200001,ADMINISTRACIÓN E INGENIERÍA DE SOFTWARE
327,2062200002,ASISTENTE EN SISTEMAS DE CÓMPUTO
328,2062200003,AUXILIAR EN INFORMÁTICA ADMINISTRATIVA
329,2062200004,COMPUTACIÓN ADMINISTRATIVA
330,2062200005,COMPUTACIÓN EMPRESARIAL
331,2062200006,EMPRESARIAL EN INFORMÁTICA
332,2062200007,INFORMÁTICA
333,2062200008,INFORMÁTICA ADMINISTRATIVA
334,2062200009,OFIMÁTICA Y DISEÑO DIGITAL
335,2062200010,TECNOLOGÍA DE LA INFORMACIÓN
336,2062200011,OFIMÁTICA
337,2062200012,TÉCNICO PROFESIONAL EN INFORMÁTICA
338,2062200013,SISTEMAS INFORMATICOS
339,2062200014,TECNICO EN INFORMATICA  CON ACENTUACION EN INGLES
340,2062200015,TÉCNICO EN PROGRAMACIÓN
341,2062200016,TÉCNICO ESPECIALIZADO EN INFORMÁTICA   
342,2062200017,TÉCNICO PROFESIONAL EN COMPUTACIÓN ADMINISTRATIVA
343,2062200018,TÉCNICO EN INFORMÁTICA
344,2062200019,GESTIÓN Y DIGITALIZACIÓN DE DOCUMENTOS
345,2062200020,TÉCNICO PROFESIONAL EN COMPUTACIÓN
346,2062200021,TÉCNICO PROFESIONAL EN INFORMÁTICA Y TECNOLOGÍAS DE LA INFORMACIÓN
347,2062300001,MANTENIMIENTO Y REPARACIÓN DE MICROCOMPUTADORAS
348,2062300002,MANTENIMIENTO Y REPARACIÓN DE COMPUTADORAS
349,2062300003,SOPORTE Y MANTENIMIENTO DE EQUIPOS DE COMPUTO
350,2062300004,MANTENIMIENTO DE PC Y REDES
351,2062300005,TÉCNICO EN SOPORTE Y MANTENIMIENTO DE EQUIPO DE COMPUTO
352,2071000001,PROFESIONAL TECNICO EN MERCADOTECNIA E INGENIERÍA DIGITAL  
353,2071100001,MÁQUINAS HERRAMIENTA
354,2071100002,MECÁNICA INDUSTRIAL
355,2071100003,MECÁNICO
356,2071100004,MECÁNICO DE PISO
357,2071100005,SOLDADURA INDUSTRIAL Y PAILERA
358,2071100006,DIBUJO MECÁNICA INDUSTRIAL
359,2071100007,TÉCNICO EN MATRICERÍA
360,2071100008,SOLDADURA
361,2071100009,MANTENIMIENTO INDUSTRIAL
362,2071100010,SOLDADURA Y PAILERÍA
363,2071100011,MECÁNICA EN CONSTRUCCIÓN DE CARROCERIAS Y ACABADO DE SUPERFICIES
364,2071100012,MECÁNICO DE HERRAMIENTAS
365,2071100013,TÉCNICO PROFESIONAL EN MECATRÓNICA AUTOMOTRIZ
366,2071100014,TECNICO EN MAQUINAS Y HERRAMIENTAS
367,2071100015,TÉCNICO EN MECÁNICA DE MOTOCICLETAS
368,2071200001,ELECTRICIDAD
369,2071200002,ELECTRICIDAD INDUSTRIAL
370,2071200003,ELECTRICISTA
371,2071200004,ELÉCTRICO INSTRUMENTISTA
372,2071200005,REFRIGERACIÓN Y AIRE ACONDICIONADO
373,2071200006,ELECTRICIDAD INDUSTRIAL Y CONTROL
374,2071200007,ELECTRICIDAD Y EMBOBINADO
375,2071200008,TÉCNICO PROFESIONAL EN REFRIGERACIÓN
376,2071200009,TÉCNICO PROFESIONAL EN ELECTRICIDAD
377,2071200010,ELECTRICIDAD Y ELECTRÓNICA
378,2071200011,ENERGÍAS ALTERNAS
379,2071300001,ELECTRÓNICA
380,2071300002,ELECTRÓNICA DIGITAL
381,2071300003,ELECTRÓNICA MODERNA
382,2071300004,ELECTROTECNIA
383,2071300005,INSTRUMENTACIÓN ELECTRÓNICA
384,2071300006,MECÁNICO ELÉCTRICO
385,2071300007,RADIO Y TELEVISIÓN A COLOR
386,2071300008,SISTEMAS DIGITALES
387,2071300009,RADIO Y TELEVISIÓN A COLOR Y TRANSISTORES
388,2071300010,RADIO Y TELEVISÍON
389,2071300011,MECATRÓNICA
390,2071300012,TÉCNICO PROFESIONAL LÍDER EN MECATRÓNICA
391,2071300013,ROBÓTICA
392,2071400001,QUÍMICA INDUSTRIAL
393,2071400002,AUXILIAR DE LABORATORIO DE QUÍMICA
394,2071400003,PROCESOS QUIMICOS INDUSTRIALES
395,2071500001,AUTOMOTRIZ
396,2071500002,MAQUINARIA AGRÍCOLA
397,2071500003,MÁQUINAS DE COMBUSTIÓN INTERNA
398,2071500004,MECÁNICA AUTOMOTRIZ
399,2071500005,MECÁNICA AUTOMOTRIZ Y DIÉSEL
400,2071500006,MECÁNICA DIÉSEL
401,2071500007,MECÁNICA NAVAL
402,2071500008,MECÁNICO ELÉCTRICO AUTOMOTRIZ
403,2071500009,GASOLINA Y DIÉSEL
404,2071500010,MECÁNICO AUTOMOTRIZ DIESEL
405,2071500011,MANTENIMIENTO DE AVIACIÓN
406,2071500012,ELECTRÓNICA DE AVIACIÓN
407,2071500013,"MECÁNICA, DIÉSEL AUTOMOTRIZ"
408,2071500014,TÉCNICO PROFESIONAL AUTOMOTRIZ
409,2071500015,TÉCNICO PROFESIONAL EN MECÁNICA AUTOMOTRIZ
410,2071500016,ELECTRICO AUTOMOTRIZ
411,2071500017,MECÁNICA DIESEL
412,2071500018,ELECTRONICA AUTOMOTRIZ
413,2071500019,TÉCNICO EN MECÁNICA AUTOMOTRIZ
414,2072000001,PROCESOS DE MANUFACTURA COMPETITIVA
415,2072100001,PRODUCCIÓN INDUSTRIAL DE ALIMENTOS
416,2072100002,QUÍMICO EN ANÁLISIS Y PROCESOS DE ALIMENTOS
417,2072100003,AGROINDUSTRIAS ALIMENTARIAS
418,2072200001,CONFECCIÓN INDUSTRIAL
419,2072200002,DISEÑO DE PATRONES INDUSTRIALES
420,2072200003,PRODUCCIÓN DE PRENDAS DE VESTIR
421,2072200004,INDUSTRIA DEL VESTIDO
422,2072300001,PLÁSTICOS
423,2072400001,METALURGIA
424,2072400002,FUNDICIÓN
425,2072400003,METALURGÍA Y FUNDICIÓN
426,2073100001,DISEÑO ARQUITECTÓNICO
427,2073100002,DIBUJO ARQUITECTÓNICO Y ESTRUCTURAL
428,2073100003,DIBUJO INDUSTRIAL Y ARQUITECTONICO
429,2073100004,DIAGNOSTICO REGIONAL
430,2081000001,TÉCNICO EN APICULTURA   
431,2081100001,AGROPECUARIO
432,2081100002,SISTEMAS DE PRODUCCIÓN AGRÍCOLA
433,2081100003,TÉCNICO AGROPECUARIO
434,2081100004,TECNICO EN AGRICULTURA SUSTENTABLE
435,2081100005,TÉCNICO AGROPECUARIO CON INFORMÁTICA
436,2081200001,JARDINERÍA
437,2081200002,TÉCNICO PROFESIONAL EN JARDINERIA
438,2081300001,FORESTAL
439,2081400001,TÉCNICO PROFESIONAL EN ACUACULTURA
440,2091342001,PROFESIONAL TÉCNICO EN RADIOLOGÍA    
441,2091345001,TÉCNICO EN ANÁLISIS CLÍNICOS  
442,2092100001,AUXILIAR DE ENFERMERÍA
443,2092100002,CUIDADOS MATERNO INFANTIL
444,2092100003,ENFERMERA GINECO-OBSTETRA
445,2092100004,ENFERMERÍA
446,2092100005,ENFERMERÍA GENERAL
447,2092100006,ENFERMERÍA Y OBSTETRICIA
448,2092100007,PARTERA
449,2092100008,ENFERMERÍA TÉCNICA
450,2092100009,ENFERMERÍA QUIRÚRGICA
451,2092100010,ENFERMERÍA PEDIÁTRICA
452,2092100011,ENFERMERÍA DE CUIDADOS INTENSIVOS
453,2092100012,ENFERMERÍA SANITARÍA
454,2092100013,PARTERÍA PROFESIONAL
455,2092100014,TÉCNICO PROFESIONAL EN ENFERMERÍA GENERAL   
456,2092100015,TÉCNICO PROFESIONAL EN ENFERMERÍA
457,2092100016,ENFERMERO (A) GENERAL
458,2092100017,ENFERMERÍA BÁSICA
459,2092202001,CURSO POST BASICO DE ENFERMERIA EN CUIDADOS INTENSIVOS
460,2092203001,CURSO POST BASICO DE ENFERMERIA EN CUIDADOS INTENSIVOS ADULTOS
461,2092207001,ENFERMERA MÉDICO QUIRÚRGICA
462,2092207002,CURSO POST BASICO DE ENFERMERIA QUIRURGICA
463,2092208001,CURSO POST BASICO DE ENFERMERIA EN MEDICINA DE FAMILIA
464,2092208002,TÉCNICO ESPECIALIZADO EN CUIDADOS MATERNO INFANTIL  
465,2093100001,DENTAL
466,2093100002,PRÓTESIS DENTAL
467,2093100003,PRÓTESIS DENTAL EN ÁREAS DE CERÁMICA
468,2093100004,PRÓTESIS DENTAL EN ÁREAS DE ORTODONCIA Y ORTOPEDIA
469,2093100005,PRÓTESIS DENTAL EN ÁREAS DE PRÓTESIS E IMPLANTACIÓN
470,2093100006,PRÓTESIS DENTAL EN ÁREAS DE REHABILITACIÓN
471,2093100007,TÉCNICO DENTAL   
472,2093100008,TÉCNICO PROFESIONAL EN PRÓTESIS DENTAL EN EL ÁREA DE PRÓTESIS A IMPLANTES  
473,2093204001,TÉCNICO PROFESIONAL EN PRÓTESIS DENTAL EN EL ÁREA DE ORTODONCIA Y ORTOPEDIA  
474,2093206001,MECANICA DENTAL
475,2093207001,TÉCNICO PROFESIONAL EN PRÓTESIS DENTAL EN EL ÁREA DE CERÁMICA DENTAL  
476,2093207002,TÉCNICO PROFESIONAL EN PRÓTESIS DENTAL EN EL ÁREA DE REHABILITACIÓN 
477,2094000001,TÉCNICO EN REABILITACIÓN FÍSICA
478,2094100001,FISIOTERAPIA Y REHABILITACIÓN
479,2094100002,MASOTERAPIA
480,2094100003,TERAPIA FÍSICA
481,2094100004,TERAPIAS ALTERNAS
482,2094100005,TÉCNICO PROFESIONAL EN MASAJE CORPORAL Y QUIROPRAXIA
483,2094100006,HABILITACIÓN FÍSICA FUNCIONAL
484,2094200001,NUTRICIÓN
485,2094200002,CIENCIAS DE LA NUTRICIÓN Y GASTRONOMÍA
486,2094200003,NUTRICIÓN Y DIETÉTICA
487,2094200004,TÉCNICO NUTRIÓLOGO   
488,2094200005,TÉCNICO PROFESIONAL EN DIETISTA Y NUTRICIÓN
489,2094300001,MEDICINA TRADICIONAL
490,2094300002,PODOLOGÍA
491,2094300003,ORIENTADOR NATURISTA
492,2095000001,VIDA SALUDABLE
493,2095000002,TÉCNICO RADIÓLOGO 
494,2095100001,CIENCIAS DE LA SALUD
495,2095100002,URGENCIAS MÉDICAS
496,2095100003,TÉCNICO EN PARTERÍA PROFESIONAL
497,2095100004,TÉCNICO PROFESIONAL EN EMERGENCIAS MEDICAS Y DESASTRES
498,2095300001,ANÁLISIS CLÍNICOS
499,2095300002,RADIOLOGÍA
500,2095300003,RADIOLOGÍA E IMAGEN
501,2095300004,RADIÓLOGO
502,2095600001,VIDA SALUDABLE
503,2095600002,HIGIENE Y SALUD COMUNITARIA
504,2095600003,TÉCNICO EN PROMOCIÓN DE LA SALUD
505,2101000001,RECREACIONES ACUÁTICAS
506,2101000002,TÉCNICO PROFESIONAL EN COSMEATRIA Y TERAPIAS ALTERNAS 
507,2101000003,TÉCNICO PROFESIONAL EN ASISTENCIA SOCIAL
508,2101000004,TÉCNICO PROFESIONAL EN ASISTENTE SOCIAL
509,2101100001,DIRECTOR TÉCNICO DE FÚTBOL CON OPCIONES TERMINALES 
510,2101100002,TÉCNICO DEPORTIVO    
511,2101100003,TÉCNICO PROFESIONAL EN DEPORTE Y DESARROLLO DE HABILIDADES
512,2101300001,COSMETOLOGÍA
513,2101300002,COSMETOLOGÍA Y ESTILISMO
514,2101300003,COSMETRÍA
515,2101300004,CULTURA DE BELLEZA
516,2101300005,CULTURA DE BELLEZA Y COSMETOLOGÍA
517,2101300006,ESTETOCOSMETOLOGÍA
518,2101300007,ESTILISMO
519,2101300008,ESTILISTA CANINO
520,2101300009,ESTILISTA COSMETÓLOGA
521,2101300010,ESTILISTA DE MODA
522,2101300011,ESTILISTA PROFESIONAL
523,2101300012,TERAPEUTA EN ESTETOCOSMETOLOGÍA
524,2101300013,BELLEZA
525,2101300014,SPA
526,2101300015,CULTORA DE BELLEZA
527,2101300016,MASAJES ESPECIALIZADOS
528,2101300017,COSMIATRÍA SPA
529,2101300018,TÉCNICO PROFESIONAL EN ESTÉTICA Y BIENESTAR PERSONAL
530,2101300019,TÉCNICO PROFESIONAL EN BELLEZA
531,2101300020,COSMETOLOGIA  CORPORAL
532,2101300021,ESTILISMO Y DISEÑO DE IMAGEN
533,2101300022,ESTETOCOSMETÓLOGA
534,2101300023,TÉCNICO EN IMAGEN Y ESTILISMO
535,2101300024,"TÉCNICO PROFESIONAL EN IMAGEN, ESTILISMO Y COSMETOLOGÍA"
536,2101300025,TÉCNICA DE ESTETOCOSMETOLOGÍA
537,2101300026,TÉCNICO PROFESIONAL EN BELLEZA INTEGRAL
538,2101300027,TECNICO EN COSMETOLOGIA Y SPA
539,2101300028,PROFESIONAL DE BELLEZA Y ESTÉTICA
540,2101300029,TÉCNICO EN ESTILISMO PROFESIONAL  
541,2101300030,ESTILISMO INTEGRAL Y DISEÑO DE IMAGEN
542,2101300031,TÉCNICO EN ESTILISTA-COSMETOLOGA
543,2101300032,TÉCNICO EN COSMEATRIA Y NATURISMO
544,2101300033,COSMEATRÍA 
545,2101300034,COSMIATRÍA 
546,2101300035,TÉCNICO PROFESIONAL EN BELLEZA BÁSICA  
547,2101300036,TÉCNICO EN BELLEZA BÁSICA
548,2101300037,APLICACIÓN DE MASAJES EN SPA
549,2101300038,PROFESIONAL TÉCNICO ESPECIALIZADO EN COSMETOLOGÍA Y ESTÉTICA INTEGRAL
550,2101400001,ASISTENTE
551,2101400002,ASISTENTE ADMINISTRATIVO
552,2101400003,ASISTENTE ADMINISTRATIVO BILINGÜE
553,2101400004,ASISTENTE ADMINISTRATIVO EN SISTEMAS COMPUTACIONALES
554,2101400005,ASISTENTE EJECUTIVO
555,2101400006,ASISTENTE EJECUTIVO BILINGÜE
556,2101400007,ASISTENTE EJECUTIVO BILINGÜE EN INGLÉS
557,2101400008,ASISTENTE EJECUTIVO Y COMPUTACIÓN
558,2101400009,ASISTENTE EMPRESARIAL
559,2101400010,SECRETARIA CONTABLE
560,2101400011,SECRETARIA CORRESPONSAL
561,2101400012,SECRETARIA EJECUTIVA
562,2101400013,SECRETARIA EJECUTIVA EN ESPAÑOL
563,2101400014,SECRETARIA EJECUTIVA EN INFORMÁTICA
564,2101400015,SECRETARIA EN COMPUTACIÓN ADMINISTRATIVA
565,2101400016,SECRETARIA EN ESPAÑOL
566,2101400017,SECRETARIA ESPAÑOL INGLÉS
567,2101400018,SECRETARIA TAQUIMECANÓGRAFA
568,2101400019,SECRETARIADO
569,2101400020,SECRETARIADO COMERCIAL
570,2101400021,SECRETARIADO EJECUTIVO
571,2101400022,SECRETARIADO EJECUTIVO BILINGÜE
572,2101400023,SECRETARIADO EJECUTIVO EMPRESARIAL
573,2101400024,SECRETARIADO EN ESPAÑOL
574,2101400025,SECRETARIADO Y CONTADOR PRIVADO
575,2101400026,SECRETARIO BILINGÜE
576,2101400027,SECRETARIO CONTADOR
577,2101400028,SECRETARIO EJECUTIVO
578,2101400029,SECRETARIO EN INFORMÁTICA
579,2101400030,TAQUÍGRAFA SECRETARIA CONTADOR
580,2101400031,SECRETARIADO CONTABLE
581,2101400032,SECRETARIO ESPAÑOL INGLES
582,2101400033,SECRETARIA CONTADOR
583,2101400034,ADMINISTRADOR DE OFICINAS
584,2101400035,TÉCNICO PROFESIONAL EN ASISTENCIA EMPRESARIAL
585,2101400036,SECRETARIADO CON CONTABILIDAD
586,2101400037,SECRETARIADO CONTABLE EN COMPUTACIÓN
587,2101400038,CURSO DE ASISTENTE ADMINISTRATIVO Y SECRETARIAL
588,2101400039,TECNICO ASISTENTE DE DIRECCION CON ACENTUACION EN INGLES
589,2101400040,TÉCNICO PROFESIONAL EN OFIMÁTICA  
590,2101400041,TÉCNICO PROFESIONAL EN ASISTENCIA ADMINISTRATIVO
591,2101400042,TÉCNICO PROFESIONAL EN ASISTENTE ADMINISTRATIVO
592,2101500001,ALIMENTOS
593,2101500002,ALIMENTOS Y BEBIDAS
594,2101500003,ARTES CULINARIAS
595,2101500004,ARTES GASTRONÓMICAS
596,2101500005,GASTRONOMÍA
597,2101500006,GASTRONOMÍA INTERNACIONAL
598,2101500007,GASTRONOMÍA MEXICANA E INTERNACIONAL
599,2101500008,GASTRONOMÍA Y TURISMO
600,2101500009,ADMINISTRACIÓN GERENCIAL DE ESTABLECIMIENTOS DE ALIMENTOS Y BEBIDAS
601,2101500010,SERVICIOS ALIMENTICIOS
602,2101500011,GASTRONOMÍA TURÍSTICA
603,2101500012,TÉCNICO PROFESIONAL EN GASTRONOMÍA POR ESTACIONES
604,2101500013,TÉCNICO PROFESIONAL EN APRECIACIÓN DE BEBIDAS Y ALIMENTOS
605,2101500014,PROFESIONAL TÉCNICO CULINARIO
606,2101500015,REPOSTERÍA Y PANADERÍA
607,2101500016,TÉCNICO PROFESIONAL EN GASTRONOMÍA
608,2101500017,TÉCNICO PARA LA FORMACIÓN DEL CHEF
609,2101500018,CHEF PASTELERO
610,2101500019,TECNITURA EN FORMACIÓN DEL CHEF
611,2101500020,TECNICO PROFESIONAL EN GASTRONOMIA
612,2101500021,ECOTURISMO
613,2101500022,PREPARACIÓN DE ALIMENTOS Y BEBIDAS
614,2101500023,TECNICO EN GESTION GASTRONOMICA
615,2101500024,TÉCNICO PROFESIONAL EN CHEF INTERNACIONAL
616,2101500025,TÉCNICO EN GESTIÓN ALIMENTARIA   
617,2101500026,TÉCNICO EN ALIMENTOS Y BEBIDAS 
618,2101500028,TÉCNICO EN RESPONSABILIDAD SOCIAL E INOCUIDAD ALIMENTARIA 
619,2101500029,TÉCNICO EN GASTRONOMÍA
620,2101600001,HOTELERÍA
621,2101600002,HOTELERÍA Y TURISMO
622,2101600003,HOTELERO
623,2101600004,RESTAURANTES
624,2101600005,SERVICIOS DE HOSPITALIDAD
625,2101600006,TURISMO
626,2101600007,RELACIONES PÚBLICAS CON ACENTUACIÓN EN HOTELERÍA Y TURISMO
627,2101600008,SERVICIOS TURÍSTICOS
628,2101600009,ORGANIZACION DE EVENTOS DE NEGOCIOS SOCIALES Y CULTURALES
629,2101600010,SERVICIO DE ATENCION AL HUESPED
630,2101600011,RECEPCION DE HUESPED
631,2101600012,TÉCNICO PROFESIONAL EN TURISMO
632,2101600013,TÉCNICO PROFESIONAL EN HOTELERÍA Y ADMINISTRACIÓN TURÍSTICA
633,2102100001,SERVICIOS DEL TRANSPORTE
634,2102100002,CONTROLADORES DE VUELO
635,2102100003,P.T.B. EN TRANSPORTE FERROVIARIO
636,2103100001,SEGURIDAD INDUSTRIAL
637,2104100001,CIENCIAS POLICIALES
638,2104100002,POLICÍA PREVENTIVO
639,2104100003,POLICIOLOGÍA
640,2104100004,PREVENCIÓN Y PROTECCIÓN CIVIL
641,2104100005,POLICÍA ESTATAL PREVENTIVO
642,2104100006,POLICÍA MUNICIPAL PREVENTIVO
643,2104100007,CON FORMACIÓN INICIAL PARA POLICÍA PREVENTIVO
644,2104100008,PROFESIONAL TÉCNICO EN INVESTIGACIÓN POLICIAL
645,2104100009,CURSO FORMACIÓN INICIAL DE POLICÍA DE INVESTIGACIÓN
646,2104100010,TÉCNICO BÁSICO EN GESTIÓN INTEGRAL DEL RIESGO 
647,2104100011,PROFESIONALIZACIÓN EN SEGURIDAD   
648,2104100012,TÉCNICO PROFESIONAL EN POLICÍA TURÍSTICA
649,2104200001,ABASTECIMIENTO DE MATERIAL AÉREO
650,2104200002,ARMAMENTO AÉREO
651,2104200003,SERVICIO DE MATERIALES DE GUERRA
652,3000000000,COMPONENTE BÁSICO INICIAL
653,3011000001,EDUCACIÓN RURAL BILINGÜE INTERCULTURAL
654,3011000002,BACHILLERATO INTERCULTURAL TECNOLÓGICO  
655,3011000003,BACHILLERATO GENERAL BILINGÜE     
656,3011000004,BACHILLERATO TÉCNICO EN MÚSICA    
657,3011000005,BACHILLERATO EN ESTUDIOS AVANZADOS GOES 
658,3011000006,BACHILLERATO BIVALENTE VOCACIONAL EN PROCESOS SUSTENTABLES
659,3011100001,BACHILLERATO GENERAL EN EDUCACIÓN AUTO PLANEADA
660,3011400001,BACHILLERATO GENERAL CON CAPACITACIÓN PARA EL TRABAJO EN DISEÑO GRÁFICO
661,3011500001,BACHILLERATO GENERAL CON OPCIÓN AUTOPLANEADA
662,3012000001,IDENTIFICAR Y TRADUCIR TEXTOS
663,3012000002,BACHILLERATO EN FORMACIÓN DE EMPRENDEDORES  
664,3012100001,ASISTENTE EDUCATIVO
665,3012100002,EDUCADORA TÉCNICA EN PREESCOLAR
666,3012100003,AUXILIAR EDUCATIVO EN EL CAMPO DE LA INTERVENCION
667,3012400001,CONOCER LOS PRINCIPIOS BÁSICOS DE LA TRADUCCIÓN
668,3012500001,AUXILIAR EDUCATIVO EN EL CAMPO DE LA INTERVENCION MEDICA
669,3012603001,EDUCACIÓN BILINGÜE
670,3012603002,ENSEÑANZA DEL IDIOMA INGLÉS
671,3012604001,TÉCNICO EN PUERICULTURA
672,3012700001,APLICAR REGLAS GRAMATICALES Y FONOLOGÍAS
673,3012701001,DESARROLLO INFANTIL
674,3012701002,PUERICULTURA
675,3012701003,TÉCNICO PROFESIONAL EN PUERICULTURA
676,3012702001,EDUCACIÓN ESPECIAL
677,3021000001,BACHILLERATO TECNOLÓGICO ESPECIALIZADO  
678,3021000002,BACHILLERATO TECNOLÓGICO EN DISEÑO DECORATIVO ESTRUCTURAL 
679,3021000003,BACHILLERATO TECNOLÓGICO EN APLICACIÓN DIGITAL
680,3021000004,TÉCNICO EN ARTES
681,3021000005,TÉCNICO PROFESIONAL EN ARTES Y HUMANIDADES
682,3021100001,DIBUJO
683,3021100002,TÉCNICO EN ARTES CON ESPECIALIDAD EN ARTES VISUALES
684,3021100003,DIBUJO Y PINTURA
685,3021200001,ESCENOTÉCNIA
686,3021200002,"ACTUACIÓN PARA CINE, TELEVISIÓN  Y TEATRO"
687,3021200003,ARTE Y SOCIEDAD
688,3021200004,TÉCNICO EN ARTES CON ESPECIALIDAD EN DANZA
689,3021200005,TÉCNICO EN ARTES CON ESPECIALIDAD EN ARTES DRAMÁTICAS
690,3021200006,ARTE TEATRAL
691,3021200007,BACHILLERATO GENERAL CON ENFOQUE BICULTURAL
692,3021200008,BACHILLERATO TECNOLÓGICO EN EXPRESIÓN CREATIVA Y ARTÍSTICA
693,3021200009,TÉCNICO EN DANZA FOLCLÓRICA MEXICANA
694,3021300001,ARPA
695,3021300002,ARTES CON ESPECIALIDAD EN MÚSICA
696,3021300003,CANTO
697,3021300004,CLARINETE
698,3021300005,CONTRABAJO
699,3021300006,CORNO FRANCÉS
700,3021300007,FLAUTA
701,3021300008,GUITARRA
702,3021300009,MÚSICA
703,3021300010,OBOE
704,3021300011,PERCUSIONES
705,3021300012,PIANO
706,3021300013,TROMBÓN
707,3021300014,TROMPETA
708,3021300015,VIOLA
709,3021300016,VIOLÍN
710,3021300017,VIOLONCHELO
711,3021300018,TÉCNICO EN ARTES CON ESPECIALIDAD EN MÚSICA
712,3021300019,GUITARRA POPULAR
713,3021300020,INSTRUCTORÍA EN MÚSICA
714,3021400001,CONDUCCIÓN Y LOCUCIÓN
715,3021400002,CONDUCCIÓN Y PRODUCCIÓN PARA MEDIOS AUDIOVISUALES
716,3021400003,SISTEMAS DE IMPRESIÓN DE HUECOGRABADO Y FLEXOGRAFÍA
717,3021400004,OPERACIÓN DE SONIDO Y PRODUCCIÓN MUSICAL
718,3021400005,PRODUCCIÓN CINEMATOGRÁFICA Y DE TELEVISIÓN
719,3021400006,FOTOGRAFÍA DIGITAL Y EN VÍDEO
720,3021400007,MANIPULACIÓN DE IMAGEN DIGITAL
721,3021400008,MEDIOS AUDIOVISUALES DE COMUNICACIÓN
722,3021400009,PRODUCCIÓN DE CINE Y TELEVISIÓN
723,3021400010,ARTES GRÁFICAS
724,3021400011,BACHILLER TÉCNICO EN APLICACIONES AUDIOVISUALES
725,3021400012,BACHILLERATO TÉCNICO EN AUDIO
726,3021500001,DISEÑO ASISTIDO POR COMPUTADORA
727,3021500002,DISEÑO GRÁFICO
728,3021500003,DISEÑO GRÁFICO DIGITAL
729,3021500004,DISEÑO GRÁFICO POR COMPUTADORA
730,3021500005,DISEÑO PUBLICITARIO
731,3021500006,DISEÑO Y COMUNICACIÓN VISUAL
732,3021500007,EXPRESIÓN GRÁFICA DIGITAL
733,3021500008,SISTEMA DE IMPRESIÓN: SERIGRAFÍA Y OFFSET
734,3021500009,ANIMACIÓN Y DISEÑO DIGITAL
735,3021500010,ANIMACIÓN DIGITAL
736,3021500011,CREACIÓN Y EDICIÓN DE OBJETOS
737,3021500012,DIBUJO Y DISEÑO
738,3021500013,BACHILLERATO TECNOLÓGICO EN DISEÑO GRÁFICO DIGITAL
739,3021500014,BACHILLERATO TECNOLÓGICO EN DISEÑO GRÁFICO Y ARTE DIGITAL
740,3021500015,BACHILLERATO TECNOLÓGICO CON ACENTUACIÓN EN DISEÑO DIGITAL
741,3021500016,TÉCNICO EN DISEÑO Y DESARROLLO WEB
742,3021500017,TÉCNICO EN DISEÑO Y COMUNICACIÓN VISUAL
743,3021500018,BACHILLERATO GENERAL CON COMPONENTE DE FORMACIÓN LABORAL BÁSICO EN DISEÑO GRÁFICO
744,3021600001,DISEÑO DE MODAS
745,3021600002,DISEÑO DECORATIVO
746,3021600003,DISEÑO Y CONFECCIÓN DE ALTA COSTURA
747,3021600004,DISEÑO Y FABRICACIÓN DE MUEBLES DE MADERA
748,3021600005,DISEÑO Y PROYECCIÓN EN MODA
749,3021600006,DISEÑO
750,3021600007,MODELISTA DE PRENDAS DE VESTIR Y ACCESORIOS
751,3021600008,BACHILLERATO INTERCULTURAL TECNOLÓGICO EN DISEÑO Y CONFECCIÓN DE PRENDAS DE VESTIR Y ARTESANÍAS
752,3021600009,BACHILLERATO TÉCNICO EN DISEÑO DE INTERIORES 
753,3021600010,BACHILLERATO TECNOLÓGICO EN DISEÑO Y CONFECCIÓN DE PRENDAS DE VESTIR Y ARTESANÍAS
754,3021600011,BACHILLERATO TECNOLÓGICO EN PROYECCIÓN DE DISEÑO DE MODAS
755,3021600012,TÉCNICO EN DISEÑO Y PROYECCIÓN DE MODA
756,3021700001,CERÁMICA
757,3021700002,CERÁMICA DE ALTA TEMPERATURA
758,3021700003,EBANISTERÍA
759,3021700004,JOYERÍA Y ORFEBRERÍA
760,3021700010,LAMINADO Y PINTURA
761,3021700011,ELABORACIÓN Y ACABADOS DE MUEBLES DE MADERA
762,3021700012,CERAMICA
763,3022000001,HUMANIDADES Y CIENCIAS SOCIALES
764,3022000002,CURSO EN HUMANIDADES
765,3022000003,BACHILLERATO TECNOLÓGICO EN CUIDADO HUMANO Y BIENESTAR
766,3022200001,INTÉRPRETE-TRADUCTOR
767,3022200002,INGLÉS EMPRESARIAL
768,3022200003,CURSO EN LENGUAS
769,3022200004,CONOCER LA FONÉTICA Y FONOLOGÍA DEL INGLES
770,3022200005,FACILITADOR DE LA COMUNICACIÓN EN INGLÉS DEL PROCESO PRODUCTIVO
771,3022200006,INGLÉS INDIVIDUAL
772,3022200007,FRANCÉS COMUNICATIVO PREINTERMEDIO
773,3022200008,CURSO DE INGLÉS EN LÍNEA
774,3022200009,CURSO ESCOLARIZADO DE INGLÉS
775,3022200010,CURSO INTENSIVO DE INGLÉS
776,3022200011,CURSO INTENSIVO DE INGLÉS EN LÍNEA
777,3022200012,INTERPRETACIÓN Y TRADUCCIÓN DEL IDIOMA INGLÉS
778,3022200013,INGLÉS EN LOS ÁMBITOS TURÍSTICO Y LABORAL
779,3022200014,BACHILLERATO GENERAL CON COMPONENTE DE FORMACIÓN LABORAL BÁSICO EN INTERPRETACIÓN Y TRADUCCIÓN DEL IDIOMA INGLÉS
780,3031000001,PROBLEMAS ACTUALES DE LAS CIENCIAS SOCIALES
781,3031000002,BACHILLERATO TÉCNICO EN TRÁFICO Y LOGÍSTICA   
782,3031200001,DESARROLLO COMUNITARIO
783,3031200002,DESARROLLO INTEGRAL COMUNITARIO
784,3031200003,DESARROLLO COMUNITARIO
785,3031200004,DIAGNOSTICO REGIONAL
786,3031200005,TÉCNICO EN DESARROLLO INTEGRAL COMUNITARIO
787,3031200006,TÉCNICO EN DESARROLLO COMUNITARIO
788,3031200007,BACHILLERATO TÉCNICO EN DESARROLLO COMUNITARIO
789,3031300001,TÉCNICO EN DERECHOS HUMANOS TECNOLÓGICOS
790,3031400001,ECONÓMICO ADMINISTRATIVO
791,3031500001,GERICULTURA
792,3031500002,TRABAJO SOCIAL
793,3031500003,BACHILLER TÉCNICO EN GERONTOLOGÍA
794,3031500004,BACHILLERATO TECNOLÓGICO EN TRABAJO SOCIAL
795,3032100001,COMUNICACIÓN
796,3032100002,MEDIOS DE COMUNICACIÓN
797,3032100003,PERIODISMO DEPORTIVO
798,3032100004,PERIODISMO DIGITAL
799,3032100005,COMUNICACIÓN
800,3032100006,PERIODISMO
801,3032200001,ASISTENTE BIBLIOTECARIO
802,3032200002,GESTIÓN DE ARCHIVOS DE TEXTO
803,3033100001,ASISTENTE JURÍDICO
804,3033100002,BACHILLERATO TÉCNICO EN CIENCIAS JURÍDICAS    
805,3033200001,CRIMINALISTA
806,3033200002,CRIMINOLOGÍA
807,3033200003,IMAGEN
808,3033200004,BACHILLERATO TÉCNICO CON ESPECIALIDAD EN CRIMINALÍSTICA 
809,3041000001,BACHILLERATO TECNOLÓGICO EN LOGÍSTICA   
810,3041000002,TÉCNICO EN CONTABILIDAD
811,3041000003,BACHILLERATO BIVALENTE EN CONTABILIDAD 
812,3041000004,TÉCNICO EN VENTAS
813,3041100001,AGRONEGOCIOS
814,3041100002,COMERCIO EXTERIOR
815,3041100003,COMERCIO INTERNACIONAL
816,3041100004,LOGÍSTICA
817,3041100005,TRAMITACIÓN ADUANAL
818,3041100006,EMPRENDIMIENTO RURAL
819,3041100007,EMPRENDEDORES Y EMPRESARIOS
820,3041100008,NEGOCIOS TURÍSTICOS
821,3041100009,TÉCNICO EN LOGÍSTICA
822,3041100010,INGENIERÍA LOGÍSTICA
823,3041100011,BACHILLERATO TECNOLÓGICO EN NEGOCIOS
824,3041100012,COMERCIO INTERNACIONAL Y ADUANAS
825,3041100013,TÉCNICO EN COMERCIO INTERNACIONAL
826,3041100014,BACHILLERATO GENERAL CON COMPONENTE DE FORMACIÓN LABORAL BÁSICO EN TRAMITACIÓN ADUANAL
827,3041200001,DISEÑO DE IMAGEN
828,3041200002,IMAGEN PUBLICITARIA
829,3041200003,MERCADOTECNIA
830,3041200004,VENTAS
831,3041200005,VENTAS ESTRATÉGICAS
832,3041200006,ESTUDIOS DE MERCADO Y ENTORNOS SOCIALES
833,3041200007,ESTRUCTURA TÉCNICA Y MERCADOLÓGICA
834,3041200008,MERCADOTECNIA DIGITAL
835,3041200009,TÉCNICO EN DISEÑO DE IMAGEN
836,3041200010,TÉCNICO EN MERCADOTECNIA DIGITAL
837,3041300001,SERVICIOS BANCARIOS
838,3041300002,TÉCNICO EN ADMINISTRACIÓN FINANCIERA
839,3041400001,ADMINISTRACIÓN Y CONTABILIDAD RURAL
840,3041400002,ADMINISTRATIVO CONTABLE
841,3041400003,ASISTENTE EJECUTIVO CONTADOR
842,3041400004,AUXILIAR CONTABLE EN COMPUTACIÓN
843,3041400005,COMPUTACIÓN CONTABLE Y FISCAL
844,3041400006,COMPUTACIÓN FISCAL CONTABLE
845,3041400007,CONTABILIDAD
846,3041400008,CONTABILIDAD ADMINISTRATIVA
847,3041400009,CONTABILIDAD FISCAL CONTABLE
848,3041400010,CONTABILIDAD Y ADMINISTRACIÓN
849,3041400011,CONTABILIDAD Y SISTEMAS ADMINISTRATIVOS
850,3041400012,CONTABLE ADMINISTRATIVO
851,3041400013,CONTADOR PRIVADO
852,3041400014,CONTADURÍA
853,3041400015,GESTIÓN ADMINISTRATIVO - CONTABLE
854,3041400016,ASISTENTE EJECUTIVO ADMINISTRADOR CONTABLE
855,3041400017,ASISTENTE EJECUTIVA CONTABLE
856,3041400018,ASISTENTE CONTADOR
857,3041400019,ADMINISTRACIÓN CONTABLE
858,3041400020,CONTABILIDAD Y ADMINISTRACIÓN
859,3041400021,CONTABILIDAD COMERCIAL Y DE SERVICIOS
860,3041400022,AUDITORÍA DE GESTIÓN DE CALIDAD
861,3041400023,BACHILLERATO TECNOLÓGICO EN CONTABILIDAD  
862,3041400024,BACHILLERATO BIVALENTE EN LA ESPECIALIDAD DE TÉCNICO EN CONTABILIDAD
863,3041400025,BACHILLER TÉCNICO EN ADMINISTRADOR CONTABLE 
864,3041400026,TÉCNICO EN ADMINISTRADOR CONTABLE
865,3041400027,BACHILLERATO GENERAL CON COMPONENTE DE FORMACIÓN LABORAL BÁSICO EN CONTABILIDAD
866,3042000001,ADMINISTRACIÓN
867,3042000002,TÉCNICO EN ADMINISTRACIÓN EN MIPYMES
868,3042000003,TECNICO EN ADMINISTRACIÓN DE MIPYMES  
869,3042000004,TÉCNICO EN ADMINISTRACIÓN
870,3042000005,BACHILLERATO TECNOLÓGICO EN ADMINISTRACIÓN
871,3042000006,TÉCNICO PROFESIONAL EN CIENCIAS ADMINISTRATIVAS
872,3042000007,BACHILLERATO TECNOLÓGICO CARRERA TÉCNICO EN ADMINISTRACIÓN DE PROCESOS PRODUCTIVOS
873,3042000008,BACHILLERATO GENERAL CON COMPONENTE DE FORMACIÓN LABORAL BÁSICO EN ADMINISTRACIÓN
874,3042100001,ADMINISTRACIÓN DE EMPRESAS
875,3042100002,ADMINISTRACIÓN DE NEGOCIOS
876,3042100003,ADMINISTRACIÓN DE RECURSOS HUMANOS
877,3042100004,ASISTENTE EN DIRECCIÓN Y CONTROL DE PYMES
878,3042100005,DESARROLLO ORGANIZACIONAL
879,3042100006,DESARROLLO SUSTENTABLE DE MICROEMPRESAS
880,3042100007,EMPRESARIAL
881,3042100008,PROCESOS DE GESTIÓN ADMINISTRATIVA
882,3042100009,ASISTENTE EMPRESARIAL
883,3042100010,ADMINISTRACIÓN PARA EMPRENDIMIENTO RURAL
884,3042100011,PLANEACIÓN Y ADMINISTRACIÓN DE PEQUEÑOS NEGOCIOS
885,3042100012,PROYECTOS PRODUCTIVOS SUSTENTABLES
886,3042100013,TÉCNICO EN DESARROLLO SUSTENTABLE DE LA MICRO EMPRESA
887,3042100014,ADMINISTRACIÓN DE LA PEQUEÑA Y MEDIANA EMPRESA
888,3042100015,ADMINISTRACIÓN Y DESARROLLO DE NEGOCIOS
889,3042100016,FORMACIÓN EMPRESARIAL I
890,3042100017,FORMACIÓN EMPRESARIAL II
891,3042100018,TÉCNICO EN ADMINISTRACIÓN DE RECURSOS HUMANOS TECNOLÓGICOS
892,3042100019,DEFINICIÓN Y ADMINISTRACIÓN DE PROYECTOS
893,3042100020,IMPLEMENTACION DE PROYECTOS
894,3042100021,ADMINISTRACION DE PROCESOS DE PRODUCCIÓN
895,3042100022,TÉCNICO EN ADMINISTRACIÓN DE RECURSOS HUMANOS
896,3042100023,ADMINISTRACION
897,3042100024,ADMINISTRACION
898,3042100025,ASISTENCIA EN DIRECCION Y CONTROL DE PYMES
899,3042100026,ADMINISTRACIÓN DE PEQUEÑOS Y MEDIANOS NEGOCIOS
900,3042100027,ADMINISTRACIÓN Y CONTABILIDAD
901,3042100028,BACHILLERATO EMPRESARIAL  
902,3042100029,BACHILLERATO TECNOLÓGICO EN ADMINISTRACIÓN E INNOVACIÓN DE EMPRESAS  
903,3042100030,TÉCNICO EN ADMINISTRACIÓN EMPRESARIAL
904,3042100031,BACHILLERATO TÉCNICO EN GESTIÓN EMPRESARIAL
905,3042100032,TÉCNICO EN ADMINISTRACIÓN DE EMPRENDIMIENTOS
906,3042100033,ADMINISTRACIÓN EN LOS NEGOCIOS
907,3042200001,ADMINISTRACIÓN DE EMPRESAS TURÍSTICAS
908,3042200002,ADMINISTRACIÓN DE EMPRESAS TURÍSTICAS Y GASTRONÓMICAS
909,3042200003,ECOTURISMO
910,3042200004,ADMINISTRACIÓN DE EJIDOS TURÍSTICOS
911,3042200005,SUSTENTABILIDAD
912,3042300001,GESTIÓN PÚBLICA
913,3042300002,MANEJO DE RECURSOS MUNICIPALES
914,3042500001,ADMINISTRACIÓN AGROSILVÍCOLA
915,3042500002,ADMINISTRACIÓN Y EMPRENDIMIENTO AGROPECUARIO
916,3042500003,ADMINISTRACIÓN PARA EL EMPRENDIMIENTO AGROPECUARIO
917,3042500004,TÉCNICO EN ADMINISTRACIÓN PARA EL EMPRENDIMIENTO AGROPECUARIO
918,3042500005,BACHILLERATO TECNOLÓGICO EN ADMINISTRACIÓN DE RECURSOS HUMANOS
919,3042500006,BACHILLERATO TECNOLÓGICO CARRERA TÉCNICO EN HIGIENE Y SEGURIDAD INDUSTRIAL
920,3051100001,ANALÍSTA QUÍMICO
921,3051200001,BIOTECNOLOGÍA
922,3051200002,QUÍMICO BIOLÓGICA
923,3051200003,BIOQUÍMICA
924,3051200004,BACHILLER TÉCNICO EN BIOTECNOLOGÍA INDUSTRIAL 
925,3051300001,ECOLOGÍA
926,3051300002,ECOLOGÍA Y DESARROLLO SUSTENTABLE
927,3051300003,GESTIÓN AMBIENTAL
928,3051300004,REHABILITACIÓN Y MEJORAMIENTO AMBIENTAL
929,3051300005,LABORATORISTA EN TECNOLOGÍAS AMBIENTALES
930,3052100001,FÍSICO MATEMÁTICO
931,3052200001,FISICOQUÍMICA
932,3052200002,QUÍMICA SUSTENTABLE
933,3052200003,QUIMICA SUSTENTABLE
934,3052300001,SISTEMAS DE INFORMACIÓN GEOGRÁFICA
935,3052300002,GEOLOGIA PETROLERA
936,3052300003,BACHILLERATO TÉCNICO EN PLANEACIÓN SISMO-METEOROLÓGICO RESISTENTE 
937,3053100001,CÁLCULO INTEGRAL
938,3053100002,MODELOS MATEMÁTICOS
939,3061000001,COMPUTACIÓN
940,3061000002,TÉCNICO EN SISTEMAS DE INFORMACIÓN GEOGRÁFICA 
941,3061000003,TÉCNICO EN APLICACIONES AUDIOVISUALES
942,3061000004,CIENCIA DE DATOS E INFORMACIÓN    
943,3061000005,HOJA DE CÁLCULO APLICADO
944,3061100001,SISTEMAS
945,3061300001,ANALISTA EN SISTEMAS
946,3061300002,ANALISTA PROGRAMADOR
947,3061300003,DESARROLLO DE SISTEMAS DE CÓMPUTO E INTERNET
948,3061300004,DESARROLLO DE SOFTWARE
949,3061300005,PROGRAMACIÓN
950,3061300006,PROGRAMADOR
951,3061300007,PROGRAMADOR ANALISTA
952,3061300008,PROGRAMADOR DE SOFTWARE
953,3061300009,SISTEMAS COMPUTACIONALES
954,3061300010,SITIOS DE INTERNET
955,3061300011,PROGRAMACIÓN DE EQUIPO DE CÓMPUTO
956,3061300012,DESARROLLO DE SITIOS DE INTERNET
957,3061300013,ASISTENTE PROGRAMADOR BILINGÜE
958,3061300014,ASISTENTE PROGRAMADOR
959,3061300015,DISEÑO DE VIDEO JUEGOS
960,3061300016,SISTEMAS INFORMATICOS
961,3061300017,DISEÑADOR DE PROCESOS GRÁFICOS DIGITALES
962,3061300018,TÉCNICO EN PROGRAMACIÓN WEB
963,3061300019,BACHILLERATO BIVALENTE EN LA ESPECIALIDAD DE TÉCNICO EN PROGRAMACIÓN
964,3061300020,BACHILLERATO BIVALENTE CON LA ESPECIALIDAD DE TÉCNICO PROGRAMADOR
965,3061300021,INGENIERÍA EN SEGURIDAD INFORMÁTICA
966,3061300022,BACHILLER TÉCNICO EN PROGRAMACIÓN WEB 
967,3061300023,PROGRAMACIÓN WEB BILINGÜE PROGRESIVO EN INGLÉS
968,3061300024,ÁREA DE FORMACIÓN EN CIBERSEGURIDAD
969,3061300025,TÉCNICO EN SISTEMAS COMPUTACIONALES
970,3062000001,COMUNICACIONES
971,3062000002,BACHILLERATO BIVALENTE EN INFORMÁTICA ADMINISTRATIVA 
972,3062000003,BACHILLERATO TECNOLÓGICO EN COMUNICACIÓN Y MEDIOS DIGITALES
973,3062100001,ELECTRÓNICA Y COMUNICACIONES
974,3062100002,REDES DE CÓMPUTO
975,3062100003,TELECOMUNICACIONES
976,3062100004,COMUNICACIONES ELECTRÓNICAS
977,3062100005,INFORMÁTICA Y TELECOMUNICACIONES
978,3062100006,BACHILLERATO TÉCNICO EN CIENCIAS Y ARTES DIGITALES
979,3062200001,ASISTENTE ADMINISTRATIVO EN SISTEMAS COMPUTACIONALES
980,3062200002,COMPUTACIÓN Y SISTEMAS DE ADMINISTRACIÓN
981,3062200003,INFORMÁTICA
982,3062200004,INFORMÁTICA ADMINISTRATIVA
983,3062200005,INFORMÁTICA DE GESTIÓN
984,3062200006,INFORMÁTICA Y COMPUTACIÓN
985,3062200007,OFIMÁTICA
986,3062200008,PROCESAMIENTO ELECTRÓNICO DE DATOS
987,3062200009,PROCESO DE DATOS
988,3062200010,SISTEMAS CONSTRUCTIVOS ASISTIDOS POR COMPUTADORA
989,3062200011,TECNOLOGÍA DE LA INFORMACIÓN Y COMUNICACIÓN
990,3062200012,ADMINISTRACIÓN DE BASE DE DATOS
991,3062200013,ASISTENTE ADMINISTRATIVO EN SISTEMAS
992,3062200014,TECNOLOGÍAS DE LA INFORMACIÓN
993,3062200015,TÉCNICO ESPECIALIZADO EN TÉCNICO DE LA INFORMÁTICA
994,3062200016,TÉCNICO EN OFIMÁTICA
995,3062200017,TÉCNICO EN INFORMÁTICA
996,3062200018,TÈCNICO EN SISTEMAS DE INFORMACIÒN INDUSTRIAL
997,3062200019,TÉCNICO EN INFORMÁTICA
998,3062200020,TÉCNICO EN PROGRAMACIÓN
999,3062200021,BACHILLERATO TECNOLÓGICO INFORMÁTICA  
1000,3062200022,BACHILLERATO TECNOLÓGICO EN PROGRAMACIÓN
1001,3062200023,BACHILLERATO TECNOLÓGICO EN INFORMÁTICA Y SISTEMAS INTELIGENTES
1002,3062200024,BACHILLERATO TECNOLÓGICO CON ACENTUACIÓN EN TRANSFORMACIÓN DIGITAL
1003,3062200025,GESTIÓN DE LA CIBERSEGURIDAD
1004,3062200026,BACHILLERATO BIVALENTE EN INFORMÁTICA
1005,3062200027,BACHILLERATO TECNOLÓGICO EN INFORMÁTICA ADMINISTRATIVA
1006,3062200028,BACHILLERATO GENERAL CON CAPACITACIÓN PARA EL TRABAJO EN TECNOLOGÍAS DE LA INFORMACIÓN Y LA COMUNICACIÓN
1007,3062200029,TÉCNICO PROFESIONAL EN COMPUTACIÓN
1008,3062200030,TÉCNICO PROFESIONAL EN INFORMÁTICA Y TECNOLOGÍAS DE LA INFORMACIÓN
1009,3062200031,GESTIÓN Y DIGITALIZACIÓN DE DOCUMENTOS
1010,3062200032,CIBERSEGURIDAD
1011,3062300001,MANTENIMIENTO DE EQUIPO DE CÓMPUTO
1012,3062300002,MANTENIMIENTO DE EQUIPO Y SISTEMAS
1013,3062300003,MANTENIMIENTO Y REPARACIÓN DE MICROCOMPUTADORAS
1014,3062300004,SOPORTE TÉCNICO Y MANTENIMIENTO EN EQUIPO DE CÓMPUTO
1015,3062300005,SOPORTE Y MANTENIMIENTO DE EQUIPO DE CÓMPUTO
1016,3062300006,SOPORTE EN SERVICIO DE TELECOMUNICACIONES Y REDES
1017,3062300007,COMPUTACIÓN Y MANTENIMIENTO DE SISTEMAS Y REDES
1018,3062300008,SOPORTE EN INFORMÁTICA
1019,3062300009,MANTENIMIENTO Y REPARACIÓN DE COMPUTADORAS
1020,3062300010,SOPORTE DE EQUIPO DE CÓMPUTO
1021,3062300011,MANTENIMIENTO DE EQUIPO DE CÓMPUTO Y CONTROL DIGITAL
1022,3062300012,MANTENIMIENTO DE PC Y REDES
1023,3062300013,SOPORTE Y MANTENIMIENTO DE EQUIPOS DE COMPUTO
1024,3062300014,TÉCNICO EN SERVICIOS COMPUTACIONALES E INFORMÁTICOS
1025,3062300015,TÉCNICO EN SOPORTE Y MANTENIMIENTO DE EQUIPO DE CÓMPUTO
1026,3062300016,TÉCNICO EN SOPORTE Y MANTENIMIENTO DE EQUIPO DE COMPUTO
1027,3062300017,AUXILIAR EN EL SOPORTE MANTENIMIENTO DE EQUIPO DE CÓMPUTO E INSTALACIÓN DE REDES DE ÁREA LOCAL
1028,3062300018,MANTENIMIENTO DE MICROCOMPUTADORAS Y SISTEMAS DE CONTROL ELECTRÓNICO 
1029,3062300019,BACHILLERATO TECNOLÓGICO CON ACENTUACIÓN EN SOPORTE EN SISTEMAS COMPUTACIONALES
1030,3071000001,NUEVOS MATERIALES
1031,3071000002,CIENCIA DE LOS MATERIALES
1032,3071000003,TECNÓLOGO EN DISEÑO Y MECÁNICA INDUSTRIAL 
1033,3071000004,MANTENIMIENTO A INSTALACIONES PETROLERAS  
1034,3071000005,PROFESIONAL TÉCNICO-BACHILLER EN PILOTAJE DE DRONES 
1035,3071000006,BACHILLERATO TÉCNICO EN ROBÓTICA  
1036,3071000007,BACHILLERATO TECNOLÓGICO CON ESPECIALIDAD EN AVIACIÓN 
1037,3071100001,MANTENIMIENTO
1038,3071100002,MANTENIMIENTO INDUSTRIAL
1039,3071100003,MÁQUINAS CON SISTEMAS AUTOMATIZADOS
1040,3071100004,MÁQUINAS HERRAMIENTA
1041,3071100005,MÁQUINAS Y HERRAMIENTAS INDUSTRIALES
1042,3071100006,MECÁNICA
1043,3071100007,MECÁNICA INDUSTRIAL
1044,3071100008,METALMECÁNICA
1045,3071100009,PROCESOS DE MANUFACTURAS METÁLICAS
1046,3071100010,PROCESOS DE SOLDADURA
1047,3071100011,SISTEMAS MECÁNICOS INDUSTRIALES
1048,3071100012,SOLDADURA INDUSTRIAL
1049,3071100013,MANUFACTURAS METÁLICAS
1050,3071100014,PRODUCCIÓN DE HERRAMIENTAS
1051,3071100015,DISEÑO INDUSTRIAL
1052,3071100016,MÁQUINAS-HERRAMIENTA
1053,3071100017,MECÁNICO APARATISTA
1054,3071100018,DIBUJANTE INDUSTRIAL
1055,3071100019,MATRICERÍA
1056,3071100020,TÉCNICO EN MECATRÓNICA   
1057,3071100021,TÉCNICO DUAL EN MECANIZADO
1058,3071100022,TÉCNICO DUAL EN HERRAMENTALES
1059,3071100023,TÉCNICO EN HERRAMIENTAS 
1060,3071100024,MECÁNICO ELECTRICISTA 
1061,3071100025,BACHILLERATO TECNOLÓGICO CON ACENTUACIÓN EN MÀQUINAS Y HERRAMIENTAS 
1062,3071100026,SOLDADURAS INDUSTRIALES
1063,3071100027,BACHILLERATO TÉCNICO EN MECÁNICO INDUSTRIAL
1064,3071200001,ELECTRICIDAD
1065,3071200002,ELECTRICIDAD INDUSTRIAL
1066,3071200003,ELECTROTECNIA
1067,3071200004,ENERGÍAS ALTERNAS
1068,3071200005,FUENTES ALTERNAS DE ENERGÍA
1069,3071200006,INSTALACIONES Y MANTENIMIENTO ELÉCTRICO
1070,3071200007,REFRIGERACIÓN Y AIRE ACONDICIONADO
1071,3071200008,REFRIGERACIÓN Y CLIMATIZACIÓN
1072,3071200009,SISTEMAS DE CONTROL ELÉCTRICO
1073,3071200010,ELECTRICISTA
1074,3071200011,AIRE ACONDICIONADO Y REFRIGERACIÓN
1075,3071200012,INSTALACIONES RESIDENCIALES
1076,3071200013,INSTALACIÓN ELÉCTRICA
1077,3071200014,TÉCNICO EN REFRIGERACIÓN Y CLIMATIZACIÓN
1078,3071200015,ENERGÍAS RENOVABLES
1079,3071200016,ELECTRICIDAD Y ELECTRONICA
1080,3071200017,REDES DE DISTRIBUCIÓN ELÉCTRICA 
1081,3071200018,ENERGÍA SUSTENTABLE
1082,3071200019,BACHILLERATO TECNOLÓGICO EN FUENTES ALTERNAS DE ENERGÍA
1083,3071300001,AUTOMATIZACIÓN Y CONTROL ELÉCTRICO INDUSTRIAL
1084,3071300002,CONTROL AUTOMÁTICO E INSTRUMENTACIÓN
1085,3071300003,DESARROLLO ELECTRÓNICO
1086,3071300004,ELECTROMECÁNICA
1087,3071300005,ELECTROMECÁNICA INDUSTRIAL
1088,3071300006,ELECTRÓNICA
1089,3071300007,ELECTRÓNICA INDUSTRIAL
1090,3071300008,INSTRUMENTACIÓN
1091,3071300009,INSTRUMENTACIÓN INDUSTRIAL
1092,3071300010,MANTENIMIENTO DE SISTEMAS AUTOMÁTICOS
1093,3071300011,MANTENIMIENTO DE SISTEMAS ELECTRÓNICOS
1094,3071300012,MECATRÓNICA
1095,3071300013,SISTEMAS DIGITALES
1096,3071300014,MECATRÓNICA INDUSTRIAL
1097,3071300015,MECÁNICO ELÉCTRICO
1098,3071300016,TÈCNICO EN AUTOMATIZACIÒN Y AUTOTRONICA
1099,3071300017,LABORATORISTA EN ELECTRÓNICA DIGITAL
1100,3071300018,TECNÓLOGO EN SISTEMAS ELECTRÓNICOS Y TELECOMUNICACIONES   
1101,3071300019,TÉCNICO EN INSTRUMENTACIÓN INDUSTRIAL
1102,3071300020,CIENCIA DE DATOS E INTELIGENCIA ARTIFICIAL
1103,3071300021,PROFESIONAL ASOCIADO EN AUTOMATIZACIÓN INDUSTRIAL  
1104,3071300022,BACHILLERATO BIVALENTE EN SISTEMAS ELECTRÓNICOS DE LAS AERONAVES
1105,3071300023,BACHILLERATO TECNOLÓGICO CON ACENTUACIÓN EN ELECTROMECÁNICA
1106,3071300024,BACHILLERATO BIVALENTE EN MECATRÓNICA
1107,3071300025,BACHILLERATO TECNOLÓGICO EN MECATRÓNICA
1108,3071300026,TÉCNICO EN ELECTRÓNICA
1109,3071300027,TÉCNICO EN ELECTROMECÁNICO INDUSTRIAL
1110,3071300028,TÉCNICO EN ELECTROMÉCANICA
1111,3071300029,ROBÓTICA
1112,3071300030,INTELIGENCIA ARTIFICIAL
1113,3071300031,ROBÓTICA Y AUTOMATIZACIÓN
1114,3071300032,BACHILLERATO TÉCNICO EN MECATRÓNICA
1115,3071400001,LABORATORISTA INDUSTRIAL
1116,3071400002,LABORATORISTA QUÍMICO
1117,3071400003,QUÍMICA INDUSTRIAL
1118,3071400004,QUÍMICO INDUSTRIAL
1119,3071400005,PROCESOS QUIMICOS INDUSTRIALES
1120,3071500001,AERONÁUTICA
1121,3071500002,AUTOMOTRIZ
1122,3071500003,AUTOTRÓNICA
1123,3071500004,CONSTRUCCIÓN Y REPARACIÓN NAVAL
1124,3071500005,ELECTRÓNICA AUTOMOTRIZ
1125,3071500006,ELECTRÓNICA DE AVIACIÓN
1126,3071500007,LAMINISTERÍA Y RECUBRIMIENTO DE LAS AERONAVES
1127,3071500008,MANTENIMIENTO AERONÁUTICO
1128,3071500009,MANTENIMIENTO AUTOMOTRIZ
1129,3071500010,MANTENIMIENTO DE EQUIPO AGROINDUSTRIAL
1130,3071500011,MANTENIMIENTO DE MOTORES Y PLANEADORES
1131,3071500012,MÁQUINAS DE COMBUSTIÓN INTERNA
1132,3071500013,MECÁNICA AUTOMOTRIZ
1133,3071500014,MECÁNICA AUTOMOTRIZ Y AUTOTRÓNICA
1134,3071500015,MECÁNICA AUTOMOTRIZ Y DIÉSEL
1135,3071500016,MECÁNICA DIÉSEL
1136,3071500017,MECÁNICA NAVAL
1137,3071500018,MOTORES A DIÉSEL
1138,3071500019,SISTEMAS AUTOMOTRICES
1139,3071500020,SISTEMAS ELECTRÓNICOS DE AVIACIÓN
1140,3071500021,MANTENIMIENTO A MOTORES DE COMBUSTIÓN INTERNA
1141,3071500022,INDUSTRIA AUTOMOTRIZ
1142,3071500023,TÉCNICO EN MECÁNICA NAVAL
1143,3071500024,TÉCNICO DUAL EN MECÁNICA AUTOMOTRIZ
1144,3071500025,BACHILLERATO BIVALENTE EN MANTENIMIENTO DE AERONAVES Y PLANEADORES
1145,3071500026,ACABADOS AUTOMOTRICES
1146,3071500027,OPERACIÓN Y MANTENIMIENTO DE MAQUINARIA PESADA
1147,3071500028,ELECTROMOVILIDAD
1148,3071600001,CONSERVACIÓN DEL MEDIO AMBIENTE
1149,3071600002,DESARROLLO SUSTENTABLE
1150,3071600003,DIAGNÓSTICO Y MEJORAMIENTO AMBIENTAL
1151,3071600004,LABORATORISTA AMBIENTAL
1152,3071600005,TÉCNICO EN DESARROLLO SUSTENTABLE
1153,3071600006,TÉCNICO EN LABORATORISTA AMBIENTAL   
1154,3071600007,INGENIERÍA EN DESARROLLO SUSTENTABLE
1155,3071700001,CALIDAD TOTAL Y PRODUCTIVIDAD
1156,3071700002,CONTROL DE CALIDAD
1157,3071700003,INDUSTRIAL Y CONTROL CALIDAD
1158,3071700004,METROLOGÍA Y CONTROL DE CALIDAD
1159,3071700005,PROCESOS INDUSTRIALES
1160,3071700006,PRODUCCIÓN
1161,3071700007,PRODUCCIÓN INDUSTRIAL
1162,3071700008,PRODUCTIVIDAD INDUSTRIAL
1163,3071700009,TÈCNICO EN PROCESOS Y GESTIÒN INDUSTRIAL
1164,3071700010,TECNICO EN MANTENIMIENTO INDUSTRIAL
1165,3072000001,MANUFACTURA ASISTIDA POR COMPUTADORA
1166,3072000002,MANUFACTURA PRECISA
1167,3072000003,ASISTENTE EN CONTROL ESTADÍSTICO DE PROCESOS DE MANUFACTURA
1168,3072000004,LÍDER EN PRODUCCIÓN
1169,3072000005,BACHILLERATO TÉCNICO EN ROBOTICA  
1170,3072000006,EXPLORACIÓN Y PRODUCCIÓN PETROLERA  
1171,3072000007,TÉCNICO EN MANUFACTURA AUTOMOTRIZ 
1172,3072100001,AGROINDUSTRIA
1173,3072100002,ANÁLISIS Y TECNOLOGÍA DE ALIMENTOS
1174,3072100003,ANÁLISIS Y TECNOLOGÍA DE LOS ALIMENTOS
1175,3072100004,BIOTECNOLOGÍA EN ALIMENTOS
1176,3072100005,PROCESAMIENTO INDUSTRIAL DE ALIMENTOS
1177,3072100006,PRODUCCIÓN DE TRANSFORMACIÓN DE PRODUCTOS ACUÍCOLAS
1178,3072100007,PRODUCCIÓN E INDUSTRIALIZACIÓN DEL AGAVE
1179,3072100008,PRODUCCIÓN INDUSTRIAL DE ALIMENTOS
1180,3072100009,QUÍMICO EN ALIMENTOS
1181,3072100010,PRODUCCIÓN Y TRANSFORMACIÓN DE PRODUCTOS ACUÍCOLAS
1182,3072100011,VITICULTURA Y ENOLOGÍA
1183,3072100012,AGROINDUSTRIAS
1184,3072100013,AGROINDUSTRIAS ALIMENTARIAS
1185,3072100014,"ELABORACIÓN DE DERIVADOS DE FRUTAS Y HORTALIZAS, LÁCTEOS Y CÁRNICOS."
1186,3072100015,TÉCNICO EN VITICULTURA
1187,3072100016,BACHILLERATO TECNOLÓGICO CARRERA TÉCNICO EN PRODUCCIÓN DE LA INDUSTRIA ALIMENTARIA
1188,3072200001,CURTIDURÍA
1189,3072200002,DISEÑO DE PATRONES INDUSTRIALES
1190,3072200003,INDUSTRIA DEL VESTIDO
1191,3072200004,MANUFACTURA DEL VESTIDO
1192,3072200005,PRODUCCIÓN DE CALZADO
1193,3072200006,PRODUCCIÓN DE PRENDAS DE VESTIR
1194,3072200007,SUPERVISIÓN EN LA INDUSTRIA DEL VESTIDO
1195,3072200008,TEXTIL
1196,3072200009,SISTEMAS DE MANUFACTURA TEXTIL
1197,3072300001,PLÁSTICOS
1198,3072300002,TRANSFORMACIÓN DE PLÁSTICOS
1199,3072300003,DISEÑO Y FABRICACIÓN DE MUEBLES FINOS DE MADERA
1200,3072400001,FUNDICIÓN
1201,3072400002,FUNDICIÓN DE METALES Y ACABADOS INDUSTRIALES
1202,3072400003,METALURGIA
1203,3072400004,MINERÍA
1204,3072400005,MINERO METALURGISTA
1205,3072400006,BACHILLERATO TÉCNICO EN PROCESOS METALÚRGICOS
1206,3073100001,ARQUITECTURA
1207,3073100002,DISEÑO ARQUITECTÓNICO
1208,3073100003,ARQUITECTURA DEL PAISAJE
1209,3073100004,DIBUJO ARQUITECTÓNICO
1210,3073100005,ESPECIALISTA EN INSTALACIONES RESIDENCIALES
1211,3073100006,BACHILLERATO EN DIBUJO ARQUITECTÓNICO Y DE CONSTRUCCION   
1212,3073100007,BACHILLERATO GENERAL CON COMPONENTE DE FORMACIÓN LABORAL BÁSICO DIBUJO ARQUITECTÓNICO Y DE CONSTRUCCIÓN
1213,3073200001,CONSTRUCCIÓN
1214,3073200002,CONSTRUCCIÓN URBANA
1215,3073200003,EDIFICACIÓN
1216,3073200004,RECURSOS HÍDRICOS
1217,3073200005, BACHILLERATO TÉCNICO EN TOPOGRAFÍA  
1218,3073200006,TÉCNICO SUPERIOR UNIVERSITARIO EN CONSTRUCCIÓN E INNOVACIÓN EN DISEÑO
1219,3081000001,TÉCNICO EN AGROMÁTICA  
1220,3081000002,AGROMÁTICA
1221,3081000003,TÉCNICO EN APICULTURA
1222,3081100001,AGRICULTURA PROTEGIDA
1223,3081100002,AGRICULTURA SUSTENTABLE
1224,3081100003,AGROPECUARIO
1225,3081100004,AGROPECUARIO CON INFORMÁTICA
1226,3081100005,APICULTURA
1227,3081100006,AVICULTURA
1228,3081100007,BIOTECNOLOGÍA AGROPECUARIA
1229,3081100008,EXPLOTACIÓN GANADERA
1230,3081100009,PRODUCCIÓN AGROPECUARIA
1231,3081100010,SUELOS Y FERTILIZANTES
1232,3081100011,ZOOTECNISTA
1233,3081100012,SISTEMAS DE PRODUCCIÓN PECUARIA
1234,3081100013,SISTEMAS DE PRODUCCIÓN AGRÍCOLA
1235,3081100014,AGROPECUARIA DE TRASPATIO
1236,3081100015,TÉCNICO EN SISTEMAS DE PRODUCCIÓN AGRICOLA
1237,3081100016,TÉCNICO EN SISTEMAS DE PRODUCCIÓN PECUARIA
1238,3081100017,AGRONOMIA
1239,3081100018,TÉCNICO AGROPECUARIO
1240,3081100019,BACHILLERATO INTERCULTURAL TECNOLÓGICO AGROPECUARIO Y FORESTAL   
1241,3081100020,TÉCNICO EN AGRICULTURA PROTEGIDA
1242,3081100021,BACHILLERATO EN PRODUCCIÓN AGRÍCOLA  
1243,3081100022,BACHILLERATO BIVALENTE CARRERA TÉCNICO EN PRODUCCIÓN AGRÍCOLA SOSTENIBLE 
1244,3081100023,AGROTECNOLOGÍA
1245,3081100024,BACHILLERATO TECNOLÓGICO AGROPECUARIO Y FORESTAL
1246,3081100025,BACHILLERATO TECNOLÓGICO AGROPECUARIO EN AGROINDUSTRIAS
1247,3081100026,BACHILLERATO TECNOLÓGICO AGROPECUARIO EN PRODUCCIÓN AGRÍCOLA
1248,3081100027,BACHILLERATO TECNOLÓGICO AGROPECUARIO EN PRODUCCIÓN ANIMAL
1249,3081100028,BACHILLERATO TECNOLÓGICO AGROPECUARIO EN AGROECOLOGÍA
1250,3081100029,BACHILLERATO TECNOLÓGICO CARRERA TÉCNICO EN PRODUCCIÓN AGRÍCOLA SOSTENIBLE
1251,3081100030,TÉCNICO EN SISTEMAS DE RIEGO
1252,3081100031,AGROPECUARIO EDUCACIÓN DUAL
1253,3081100032,TÉCNICO EN AGRICULTURA SUSTENTABLE
1254,3081200001,FLORICULTURA
1255,3081200002,HORTICULTURA
1256,3081200003,HORTICULTURA SUSTENTABLE
1257,3081200004,TÉCNICO EN FRUTICULTURA
1258,3081200005,BACHILLERATO TECNOLÓGICO AGROPECUARIO EN FRUTICULTURA
1259,3081300001,FORESTAL
1260,3081300002,TÉCNICO FORESTAL
1261,3081300003,BACHILLERATO TECNOLÓGICO AGROPECUARIO EN AGRICULTURA Y RECURSOS NATURALES RENOVABLES
1262,3081400001,ACUACULTURA DE AGUAS CONTINENTALES
1263,3081400002,ACUACULTURA DE AGUAS MARÍTIMAS
1264,3081400003,NAVEGACIÓN Y PESCA
1265,3081400004,ACUACULTURA
1266,3081400005,TÉCNICO EN ACUACULTURA DE AGUAS CONTINENTALES
1267,3081400006,TÉCNICO EN ACUACULTURA EN AGUAS MARÍTIMAS
1268,3081400007,TÉCNICO EN ACUACULTURA  
1269,3082100001,CIENCIAS VETERINARIAS
1270,3091303001,FONOAUDIOLOGÍA
1271,3091335001,BACHILLERATO TECNOLÓGICO EN REFRACCIÓN CLÍNICA
1272,3091336001,RADIOTERAPIA
1273,3092100001,ASISTENCIA A PERSONAS CON DISCAPACIDAD Y ADULTOS MAYORES
1274,3092100002,ENFERMERÍA
1275,3092100003,ENFERMERÍA GENERAL
1276,3092100004,ENFERMERÍA TÉCNICA
1277,3092100005,BACHILLER TÉCNICO EN ENFERMERÍA 
1278,3092100006,BACHILLERATO TECNOLÓGICO EN ENFERMERÍA GENERAL
1279,3092100007,BACHILLERATO TÉCNICO EN ENFERMERÍA GENERAL
1280,3092100008,TÉCNICO EN ENFERMERÍA
1281,3092100009,PROFESIONAL TÉCNICO BACHILLER EN ENFERMERÍA GENERAL
1282,3092208001,ASISTENTE DE LABORATORIO METROLÓGICO
1283,3092208002,ENFERMERIA COMUNITARIA
1284,3092208003,BACHILLERATO BIVALENTE EN ENFERMERÍA GENERAL   
1285,3092208004,BACHILLERATO EN ENFERMERIA  
1286,3093100001,ASISTENTE Y PROTESISTA DENTAL
1287,3093100002,HIGIENE DENTAL
1288,3093100003,INSTRUMENTACIÓN DENTAL
1289,3093100004,LABORATORIO DENTAL
1290,3093100005,PRÓTESIS DENTAL
1291,3093100006,PRÓTESIS Y ASISTENTE DENTAL
1292,3093100007,MECÁNICA DENTAL
1293,3093207001,BACHILLER TÉCNICO DENTAL
1294,3094000001,PROTESISTA DENTAL 
1295,3094100001,REHABILITACIÓN
1296,3094100002,TERAPIA RESPIRATORIA
1297,3094100003,TÉCNICO EN FISIOTERAPIA Y READAPTACIÓN FÍSICO DEPORTIVA
1298,3094100004,TERAPIA FÍSICA
1299,3094100005,TERAPIA OCUPACIONAL
1300,3094100006,FISIOTERAPIA DEL EJERCICIO FÍSICO
1301,3094100007,INHALOTERAPIA
1302,3094200001,DIETÉTICA
1303,3094200002,NUTRICIÓN
1304,3094200003,NUTRICIÓN HUMANA
1305,3094200004,NUTRICIÓN Y DIETÉTICA
1306,3095100001,PARAMÉDICO
1307,3095100002,URGENCIAS MÉDICAS
1308,3095100003,BACHILLERATO TECNOLÓGICO EN ATENCIÓN DE URGENCIAS MÉDICAS
1309,3095200001,BIOMEDICAS
1310,3095200002,BIOMEDICAS
1311,3095300001,CLÍNICO
1312,3095300002,LABORATORIO CLÍNICO
1313,3095300003,LABORATORISTA CLÍNICO
1314,3095300004,LABORATORISTA QUÍMICO-CLÍNICO
1315,3095300005,RADIOLOGÍA
1316,3095300006,RADIOLOGÍA E IMAGEN
1317,3095300007,CITOLOGÍA E HISTOLOGÍA
1318,3095300008,BACHILLERATO TÉCNICO EN RADIOLOGÍA
1319,3095400001,FARMACÉUTICA INDUSTRIAL
1320,3095400002,INDUSTRIAL FARMACÉUTICO
1321,3095400003,QUÍMICO EN FÁRMACOS
1322,3095400004,QUÍMICO FARMACÉUTICO
1323,3095500001,OFTALMOLOGÍA
1324,3095500002,OPTOMETRÍA
1325,3095600001,SALUD COMUNITARIA
1326,3095600002,HIGIENE Y SALUD COMUNITARIA
1327,3095600003,VIDA SALUDABLE
1328,3095600004,TÉCNICO EN VIDA SALUDABLE
1329,3095600005,BACHILLERATO TECNOLÓGICO EN PUERICULTURA 
1330,3095600006,TÉCNICO EN RESPONSABILIDAD SOCIAL E INOCUIDAD ALIMENTARIA
1331,3095600007,TÉCNICO EN PROMOCIÓN DE LA SALUD
1332,3101000001,TÉCNICO EN RECREACIONES ACUÁTICAS
1333,3101100001,ACTIVIDAD FÍSICA Y DEPORTIVA
1334,3101100002,ARBITRAJE DEPORTIVO
1335,3101100003,ARTES DE LA CHARRERÍA
1336,3101100004,PESCA DEPORTIVA Y BUCEO
1337,3101100005,PREPARADOR FÍSICO
1338,3101100006,RECREACIONES ACUÁTICAS
1339,3101100007,DEPORTES
1340,3101100008,PRÁCTICA Y GESTIÓN DEL FUTBOL
1341,3101100009,TÉCNICO EN BUCEO DEPORTIVO
1342,3101100010,ENTRENAMIENTO INTEGRAL DEL BÉISBOL 
1343,3101100011,ENTRENAMIENTO INTEGRAL DEL BOXEO 
1344,3101100012,ENTRENAMIENTO INTEGRAL DEL ATLETISMO DE MEDIO FONDO Y FONDO 
1345,3101100013,TÉCNICO PROFESIONAL EN DEPORTE Y DESARROLLO DE HABILIDADES
1346,3101100014,TÉCNICO EN ACTIVIDAD FÍSICA Y DEPORTE
1347,3101200001,BACHILLER TÉCNICO EN EMBALSAMAMIENTO
1348,3101300001,COSMETOLOGÍA
1349,3101400001,ASISTENTE ADMINISTRATIVO
1350,3101400002,ASISTENTE ADMINISTRATIVO BILINGÜE
1351,3101400003,ASISTENTE DIRECTIVO
1352,3101400004,ASISTENTE EJECUTIVO BILINGÜE
1353,3101400005,ASISTENTE EJECUTIVO EMPRESARIAL
1354,3101400006,ASISTENTE EJECUTIVO EN SISTEMAS
1355,3101400007,BILINGÜE CON COMPUTACIÓN
1356,3101400008,SECRETARIA EJECUTIVA
1357,3101400009,SECRETARIA EJECUTIVA EN ESPAÑOL
1358,3101400010,SECRETARIA EJECUTIVA EN INFORMÁTICA
1359,3101400011,SECRETARIADO EJECUTIVO BILINGÜE
1360,3101400012,SECRETARIADO EN ÁREAS CONTABLES
1361,3101400013,SECRETARIO CONTADOR
1362,3101400014,SECRETARIO CONTADOR EN INFORMÁTICA
1363,3101400015,SECRETARIO EJECUTIVO
1364,3101400016,SECRETARIO EJECUTIVO BILINGÜE
1365,3101400017,SECRETARIO ESPAÑOL INGLÉS
1366,3101400018,ASISTENTE EJECUTIVO ESPAÑOL-INGLÉS
1367,3101400019,ASISTENTE BILINGÜE
1368,3101400020,SECRETARIO PROGRAMADOR
1369,3101400021,SECRETARIO PROGRAMADOR INGLÉS ESPAÑOL
1370,3101400022,CAPACITACIÓN DE ASISTENTE DIRECTIVO
1371,3101400023,INFORMÁTICA PARA OFICINAS
1372,3101400024,ASISTENTE EJECUTIVO
1373,3101400025,BACHILLERATO BIVALENTE EN SECRETARIADO EJECUTIVO
1374,3101500001,ALIMENTOS
1375,3101500002,ALIMENTOS Y BEBIDAS
1376,3101500003,GASTRONOMÍA
1377,3101500004,GASTRONOMÍA INTEGRAL
1378,3101500005,GUÍA DE TURISTAS TRILINGÜE
1379,3101500006,PREPARACIÓN DE ALIMENTOS Y BEBIDAS
1380,3101500007,SERVICIOS ALIMENTICIOS
1381,3101500008,AUXILIAR EN SISTEMAS DE PRODUCCIÓN DE ALIMENTOS
1382,3101500009,ELABORACIÓN DE PANIFICADORA Y REPOSTERÍA
1383,3101500010,AUXILIAR EN SISTEMAS DE PRODUCCIÓN DE ALIMENTOS
1384,3101500011,TÉCNICO EN PREPARACIÓN DE ALIMENTOS Y BEBIDAS
1385,3101500012,TÉCNICO EN PRODUCCIÓN INDUSTRIAL DE ALIMENTOS  
1386,3101500013,Bachillerato Bivalente Carrera Técnico en Producción de la Industria Alimentaria
1387,3101500014,"Bachillerato Bivalente Carrera Técnico en Preparación, Conservación y Servicios de Alimentos y Bebidas"
1388,3101500015,BACHILLERATO TECNOLÓGICO EN ARTES CULINARIAS
1389,3101500016,TÉCNICO PROFESIONAL EN GASTRONOMÍA
1390,3101500017,BACHILLERATO TECNOLÓGICO EN PREPARACIÓN DE ALIMENTOS Y BEBIDAS
1391,3101500018,"TÉCNICO EN PREPARACIÓN, CONSERVACIÓN Y SERVICIOS DE ALIMENTOS Y BEBIDAS"
1392,3101500019,"BACHILLERATO TECNOLÓGICO CARRERA TÉCNICO EN PREPARACIÓN, CONSERVACIÓN Y SERVICIOS DE ALIMENTOS Y BEBIDAS"
1393,3101500020,TÉCNICO EN GASTRONOMÍA INTEGRAL
1394,3101500021,TÉCNICO EN GASTRONOMÍA
1395,3101600001,HOSPITALIDAD TURÍSTICA
1396,3101600002,SERVICIOS DE HOSPEDAJE
1397,3101600003,TURISMO
1398,3101600004,RECREACIÓN
1399,3101600005,SERVICIOS DE HOTELERÍA
1400,3101600006,TURISMO ALTERNATIVO
1401,3101600007,SERVICIOS TURÍSTICOS
1402,3101600008,SERVICIOS DE HOTELERÍA Y TURISMO
1403,3101600009,HOTELERIA Y TURISMO
1404,3101600010,TÉCNICO EN SERVICIOS DE HOSPEDAJE
1405,3101600011,TÉCNICO EN SERVICIOS DE HOSPITALIDAD 
1406,3101600012,BACHILLERATO TECNOLÓGICO EN GUÍA TURÍSTICO TRILINGÜE
1407,3101600013,TÉCNICO PROFESIONAL EN TURISMO
1408,3101600014,TÉCNICO PROFESIONAL EN HOTELERÍA Y ADMINISTRACIÓN TURÍSTICA
1409,3101600015,BACHILLERATO TÉCNICO EN TURISMO SUSTENTABLE
1410,3101600016,GESTIÓN E INNOVACIÓN TURÍSTICA
1411,3101600017,BACHILLERATO TECNOLÓGICO EN TURISMO
1412,3101600018,BACHILLERATO GENERAL CON COMPONENTE DE FORMACIÓN LABORAL BÁSICO EN TURISMO
1413,3102100001,ADMINISTRACIÓN AEROPORTUARIA
1414,3102100002,OPERACIÓN PORTUARIA
1415,3102100003,OPERADOR DE AUTOTRANSPORTE
1416,3102100004,SERVICIOS DEL TRANSPORTE
1417,3102100005,AUTOTRANSPORTE
1418,3102100006,BACHILLERATO TÉCNICO ESPECIALISTA EN TRANSPORTE DE CARGA TERRESTRE 
1419,3102100007,BACHILLERATO TECNOLÓGICO CON ACENTUACIÓN EN LOGÍSTICA DE EMBARQUES Y ALMACÉN 
1420,3102100008,TRANSPORTE FERROVIARIO
1421,3103100001,SALUD E HIGIENE INDUSTRIAL
1422,3103100002,SEGURIDAD E HIGIENE Y PROTECCIÓN CIVIL
1423,3103100003,SEGURIDAD INDUSTRIAL
1424,3103100004,Bachillerato Bivalente Carrera Técnico en Higiene y Seguridad Industrial
1425,3103100005,BACHILLERATO TÉCNICO EN SEGURIDAD E HIGIENE INDUSTRIAL
1426,3103100006,BACHILLERATO TECNOLÓGICO EN SEGURIDAD E HIGIENE INDUSTRIAL
1427,3104100001,INVESTIGACIÓN POLICIAL
1428,3104100002,SEGURIDAD PÚBLICA Y PROTECCIÓN CIUDADANA
1429,3104100003,TÉCNICO EN SEGURIDAD CIUDADANA
1430,3104100004,BACHILLERATO GENERAL CON CAPACITACIÓN EN CIENCIAS POLICIALES
1431,3104100005,SEGURIDAD PUBLICA
1432,3104100006,BACHILLERATO TÉCNICO POLICIAL 
1433,3104100007,BACHILLERATO TÉCNICO EN SEGURIDAD PÚBLICA 
1434,3104100008,ÁREA DE FORMACIÓN EN GESTIÓN Y PREVENCIÓN DE ZONA DE RIEGOS
1435,3104200001,ABASTECIMIENTO DE MATERIAL AÉREO
1436,3104200002,SERVICIO DE MATERIALES DE GUERRA
1437,3104200003,BACHILLERATO BIVALENTE MILITARIZADO CON FORMACIÓN EN CIBERSEGURIDAD
1438,3104200004,BACHILLERATO BIVALENTE MILITARIZADO CON FORMACIÓN EN PROTECCIÓN CIVIL 
1439,3104200005,BACHILLERATO BIVALENTE MILITARIZADO CON FORMACIÓN EN SEGURIDAD CIUDADANA
